"132,132,49,49"
"132,132,111,111"
"155,155,74,74"
"155,155,124,124"
"162,162,133,133"
"255,255,39,39"
"255,255,41,41"
"255,255,41,41"
"255,255,64,64"
"255,255,136,136"
"145,145,83,83"
"148,148,51,51"
"148,148,121,121"
"168,168,63,63"
"168,168,65,65"
"168,168,144,144"
"152,152,86,86"
"79,79,65,65"
"170,170,51,51"
"170,170,138,138"
"211,211,177,177"
"364,364,34,34"
"364,364,40,40"
"364,364,58,58"
"364,364,61,61"
"364,364,75,75"
"364,364,195,195"
"81,81,64,64"
"209,209,96,96"
"209,209,166,166"
"180,180,58,58"
"180,180,149,149"
"218,218,106,106"
"218,218,186,186"
"407,407,31,31"
"407,407,42,42"
"407,407,210,210"
"407,407,364,364"
"74,74,60,60"
"89,89,39,39"
"116,116,30,30"
"116,116,67,67"
"116,116,78,78"
"211,211,104,104"
"211,211,168,168"
"194,194,62,62"
"194,194,159,159"
"128,128,36,36"
"128,128,39,39"
"128,128,81,81"
"208,208,42,42"
"208,208,41,41"
"208,208,96,96"
"208,208,185,185"
"238,238,62,62"
"238,238,117,117"
"238,238,212,212"
"132,132,40,40"
"132,132,67,67"
"132,132,87,87"
"216,216,40,40"
"216,216,61,61"
"216,216,101,101"
"239,239,59,59"
"239,239,80,80"
"239,239,207,207"
"262,262,218,218"
"138,138,40,40"
"138,138,40,40"
"138,138,90,90"
"301,301,41,41"
"301,301,40,40"
"301,301,61,61"
"301,301,135,135"
"301,301,255,255"
"166,166,121,121"
"351,351,40,40"
"351,351,289,289"
"82,82,41,41"
"82,82,66,66"
"169,169,118,118"
"103,103,79,79"
"193,193,142,142"
"115,115,41,41"
"115,115,91,91"
"224,224,65,65"
"224,224,117,117"
"117,117,42,42"
"117,117,41,41"
"117,117,88,88"
"229,229,40,40"
"229,229,116,116"
"229,229,205,205"
"88,88,62,62"
"53,53,38,38"
"131,131,89,89"
"50,50,38,38"
"55,55,40,40"
"174,174,63,63"
"174,174,105,105"
"174,174,147,147"
"51,51,39,39"
"55,55,41,41"
"53,53,38,38"
"54,54,41,41"
"51,51,37,37"
"60,60,44,44"
"56,56,42,42"
"54,54,40,40"
"66,66,49,49"
"50,50,39,39"
"59,59,43,43"
"76,76,57,57"
"74,74,48,48"
"66,66,47,47"
"60,60,44,44"
"79,79,65,65"
"116,116,62,62"
"116,116,68,68"
"68,68,53,53"
"67,67,48,48"
"98,98,74,74"
"151,151,87,87"
"151,151,72,72"
"51,51,37,37"
"74,74,51,51"
"118,118,96,96"
"53,53,39,39"
"79,79,65,65"
"97,97,65,65"
"164,164,136,136"
"44,44,31,31"
"53,53,41,41"
"85,85,65,65"
"69,69,45,45"
"116,116,78,78"
"50,50,36,36"
"58,58,42,42"
"96,96,77,77"
"151,151,40,40"
"151,151,62,62"
"151,151,91,91"
"50,50,37,37"
"106,106,89,89"
"53,53,40,40"
"75,75,40,40"
"75,75,60,60"
"128,128,103,103"
"58,58,43,43"
"84,84,49,49"
"153,153,123,123"
"48,48,34,34"
"62,62,45,45"
"116,116,54,54"
"116,116,88,88"
"174,174,134,134"
"50,50,38,38"
"67,67,47,47"
"138,138,69,69"
"240,240,208,208"
"50,50,38,38"
"75,75,54,54"
"59,59,43,43"
"83,83,63,63"
"61,61,45,45"
"99,99,76,76"
"72,72,54,54"
"115,115,86,86"
"45,45,30,30"
"81,81,66,66"
"127,127,52,52"
"127,127,105,105"
"48,48,32,32"
"49,49,37,37"
"104,104,84,84"
"180,180,64,64"
"180,180,139,139"
"48,48,34,34"
"47,47,33,33"
"129,129,40,40"
"129,129,104,104"
"52,52,38,38"
"52,52,37,37"
"216,216,167,167"
"54,54,41,41"
"56,56,41,41"
"57,57,43,43"
"63,63,45,45"
"53,53,35,35"
"46,46,34,34"
"49,49,39,39"
"59,59,44,44"
"61,61,46,46"
"49,49,36,36"
"51,51,39,39"
"66,66,45,45"
"74,74,52,52"
"53,53,40,40"
"56,56,42,42"
"82,82,57,57"
"74,74,56,56"
"92,92,63,63"
"57,57,43,43"
"61,61,43,43"
"82,82,62,62"
"60,60,43,43"
"119,119,85,85"
"68,68,52,52"
"99,99,42,42"
"99,99,69,69"
"64,64,45,45"
"74,74,57,57"
"116,116,85,85"
"196,196,170,170"
"89,89,64,64"
"75,75,51,51"
"145,145,113,113"
"100,100,73,73"
"90,90,67,67"
"125,125,91,91"
"128,128,39,39"
"128,128,102,102"
"147,147,117,117"
"52,52,38,38"
"52,52,36,36"
"58,58,44,44"
"59,59,42,42"
"63,63,45,45"
"69,69,49,49"
"35,35,24,24"
"73,73,53,53"
"87,87,63,63"
"41,41,28,28"
"88,88,60,60"
"44,44,31,31"
"114,114,75,75"
"51,51,37,37"
"116,116,83,83"
"53,53,40,40"
"127,127,93,93"
"58,58,43,43"
"63,63,49,49"
"42,42,30,30"
"76,76,53,53"
"45,45,30,30"
"49,49,36,36"
"91,91,56,56"
"50,50,39,39"
"51,51,36,36"
"101,101,68,68"
"50,50,38,38"
"56,56,41,41"
"155,155,40,40"
"155,155,103,103"
"56,56,41,41"
"61,61,45,45"
"58,58,43,43"
"71,71,51,51"
"63,63,46,46"
"83,83,64,64"
"70,70,49,49"
"102,102,86,86"
"80,80,61,61"
"92,92,64,64"
"102,102,73,73"
"126,126,93,93"
"164,164,39,39"
"164,164,40,40"
"164,164,123,123"
"44,44,31,31"
"44,44,32,32"
"52,52,39,39"
"54,54,42,42"
"61,61,45,45"
"74,74,52,52"
"91,91,61,61"
"113,113,63,63"
"113,113,96,96"
"179,179,156,156"
"50,50,39,39"
"58,58,45,45"
"71,71,56,56"
"75,75,43,43"
"75,75,62,62"
"123,123,35,35"
"123,123,102,102"
"54,54,40,40"
"55,55,41,41"
"80,80,63,63"
"62,62,40,40"
"62,62,51,51"
"85,85,65,65"
"63,63,40,40"
"59,59,41,41"
"62,62,47,47"
"79,79,66,66"
"103,103,38,38"
"103,103,85,85"
"74,74,53,53"
"74,74,39,39"
"73,73,54,54"
"101,101,39,39"
"101,101,66,66"
"101,101,83,83"
"135,135,40,40"
"135,135,40,40"
"135,135,114,114"
"147,147,99,99"
"103,103,64,64"
"82,82,64,64"
"143,143,40,40"
"143,143,39,39"
"143,143,121,121"
"49,49,38,38"
"82,82,66,66"
"104,104,64,64"
"104,104,91,91"
"55,55,42,42"
"103,103,39,39"
"103,103,86,86"
"59,59,43,43"
"116,116,93,93"
"128,128,42,42"
"128,128,104,104"
"50,50,39,39"
"63,63,45,45"
"57,57,44,44"
"76,76,53,53"
"65,65,40,40"
"65,65,51,51"
"88,88,59,59"
"78,78,52,52"
"69,69,42,42"
"106,106,55,55"
"106,106,39,39"
"58,58,44,44"
"51,51,37,37"
"98,98,68,68"
"55,55,39,39"
"60,60,46,46"
"134,134,40,40"
"134,134,85,85"
"54,54,40,40"
"49,49,38,38"
"74,74,60,60"
"54,54,43,43"
"70,70,45,45"
"87,87,70,70"
"59,59,46,46"
"55,55,42,42"
"53,53,41,41"
"71,71,55,55"
"75,75,62,62"
"116,116,68,68"
"116,116,68,68"
"144,144,122,122"
"57,57,44,44"
"62,62,48,48"
"86,86,67,67"
"89,89,60,60"
"70,70,51,51"
"77,77,55,55"
"93,93,71,71"
"48,48,33,33"
"60,60,44,44"
"80,80,65,65"
"88,88,71,71"
"114,114,94,94"
"56,56,41,41"
"61,61,44,44"
"53,53,41,41"
"98,98,62,62"
"98,98,82,82"
"135,135,113,113"
"153,153,42,42"
"153,153,42,42"
"153,153,122,122"
"64,64,45,45"
"51,51,39,39"
"73,73,55,55"
"116,116,62,62"
"132,132,44,44"
"132,132,112,112"
"70,70,49,49"
"79,79,59,59"
"64,64,45,45"
"51,51,39,39"
"52,52,39,39"
"65,65,47,47"
"69,69,43,43"
"88,88,66,66"
"89,89,58,58"
"57,57,45,45"
"57,57,45,45"
"78,78,61,61"
"104,104,41,41"
"112,112,92,92"
"65,65,41,41"
"63,63,46,46"
"85,85,65,65"
"81,81,59,59"
"78,78,61,61"
"51,51,37,37"
"89,89,61,61"
"99,99,72,72"
"53,53,42,42"
"129,129,84,84"
"133,133,92,92"
"63,63,45,45"
"53,53,42,42"
"58,58,44,44"
"63,63,44,44"
"70,70,51,51"
"75,75,61,61"
"77,77,42,42"
"77,77,62,62"
"50,50,39,39"
"58,58,45,45"
"71,71,56,56"
"75,75,43,43"
"75,75,62,62"
"123,123,35,35"
"123,123,102,102"
"54,54,40,40"
"62,62,40,40"
"62,62,51,51"
"55,55,41,41"
"80,80,63,63"
"85,85,65,65"
"63,63,40,40"
"59,59,41,41"
"62,62,47,47"
"79,79,66,66"
"103,103,38,38"
"103,103,85,85"
"74,74,53,53"
"74,74,39,39"
"73,73,54,54"
"101,101,39,39"
"101,101,66,66"
"101,101,83,83"
"147,147,99,99"
"135,135,40,40"
"135,135,40,40"
"135,135,114,114"
"103,103,64,64"
"82,82,64,64"
"143,143,39,39"
"143,143,40,40"
"143,143,121,121"
"49,49,38,38"
"82,82,66,66"
"104,104,64,64"
"104,104,91,91"
"55,55,42,42"
"103,103,39,39"
"103,103,86,86"
"59,59,43,43"
"116,116,93,93"
"128,128,42,42"
"128,128,104,104"
"50,50,39,39"
"63,63,45,45"
"57,57,44,44"
"76,76,53,53"
"65,65,40,40"
"65,65,51,51"
"88,88,59,59"
"78,78,52,52"
"69,69,42,42"
"106,106,55,55"
"106,106,39,39"
"58,58,44,44"
"51,51,37,37"
"98,98,68,68"
"55,55,39,39"
"60,60,46,46"
"134,134,40,40"
"134,134,85,85"
"49,49,38,38"
"54,54,40,40"
"74,74,60,60"
"54,54,43,43"
"70,70,45,45"
"87,87,70,70"
"59,59,46,46"
"55,55,42,42"
"53,53,41,41"
"71,71,55,55"
"75,75,62,62"
"116,116,68,68"
"116,116,68,68"
"144,144,122,122"
"57,57,44,44"
"62,62,48,48"
"86,86,67,67"
"89,89,60,60"
"70,70,51,51"
"77,77,55,55"
"93,93,71,71"
"48,48,33,33"
"60,60,44,44"
"80,80,65,65"
"88,88,71,71"
"114,114,94,94"
"56,56,41,41"
"61,61,44,44"
"53,53,41,41"
"98,98,62,62"
"98,98,82,82"
"153,153,42,42"
"153,153,42,42"
"153,153,122,122"
"135,135,113,113"
"64,64,45,45"
"51,51,39,39"
"73,73,55,55"
"132,132,44,44"
"132,132,112,112"
"116,116,62,62"
"70,70,49,49"
"79,79,59,59"
"64,64,45,45"
"51,51,39,39"
"52,52,39,39"
"65,65,47,47"
"69,69,43,43"
"88,88,66,66"
"89,89,58,58"
"78,78,61,61"
"57,57,45,45"
"57,57,45,45"
"104,104,41,41"
"112,112,92,92"
"65,65,41,41"
"63,63,46,46"
"85,85,65,65"
"81,81,59,59"
"78,78,61,61"
"51,51,37,37"
"89,89,61,61"
"99,99,72,72"
"53,53,42,42"
"129,129,84,84"
"133,133,92,92"
"63,63,45,45"
"53,53,42,42"
"70,70,51,51"
"63,63,44,44"
"58,58,44,44"
"75,75,61,61"
"77,77,42,42"
"77,77,62,62"
"63,63,42,42"
"113,113,81,81"
"55,55,39,39"
"146,146,117,117"
"116,116,78,78"
"52,52,36,36"
"114,114,87,87"
"44,44,28,28"
"58,58,40,40"
"91,91,62,62"
"75,75,52,52"
"59,59,43,43"
"42,42,30,30"
"63,63,42,42"
"58,58,43,43"
"147,147,109,109"
"42,42,30,30"
"63,63,41,41"
"57,57,43,43"
"118,118,81,81"
"54,54,40,40"
"53,53,31,31"
"96,96,67,67"
"63,63,42,42"
"113,113,81,81"
"55,55,39,39"
"146,146,117,117"
"116,116,78,78"
"52,52,36,36"
"114,114,87,87"
"44,44,28,28"
"58,58,40,40"
"91,91,62,62"
"75,75,52,52"
"59,59,43,43"
"42,42,30,30"
"63,63,42,42"
"58,58,43,43"
"147,147,109,109"
"42,42,30,30"
"63,63,41,41"
"57,57,43,43"
"118,118,81,81"
"54,54,40,40"
"53,53,31,31"
"96,96,67,67"
"63,63,42,42"
"113,113,81,81"
"55,55,39,39"
"146,146,117,117"
"116,116,78,78"
"52,52,36,36"
"114,114,87,87"
"44,44,28,28"
"58,58,40,40"
"91,91,62,62"
"63,63,42,42"
"113,113,81,81"
"55,55,39,39"
"146,146,117,117"
"116,116,78,78"
"52,52,36,36"
"114,114,87,87"
"44,44,28,28"
"58,58,40,40"
"91,91,62,62"
"75,75,52,52"
"59,59,43,43"
"50,50,39,39"
"58,58,45,45"
"71,71,56,56"
"75,75,43,43"
"75,75,62,62"
"123,123,35,35"
"123,123,102,102"
"54,54,40,40"
"62,62,40,40"
"62,62,51,51"
"55,55,41,41"
"80,80,63,63"
"85,85,65,65"
"63,63,40,40"
"59,59,41,41"
"62,62,47,47"
"79,79,66,66"
"103,103,38,38"
"103,103,85,85"
"74,74,53,53"
"74,74,39,39"
"73,73,54,54"
"101,101,39,39"
"101,101,66,66"
"101,101,83,83"
"135,135,40,40"
"135,135,40,40"
"135,135,114,114"
"147,147,99,99"
"103,103,64,64"
"82,82,64,64"
"143,143,39,39"
"143,143,40,40"
"143,143,121,121"
"49,49,38,38"
"82,82,66,66"
"104,104,64,64"
"104,104,91,91"
"55,55,42,42"
"103,103,39,39"
"103,103,86,86"
"59,59,43,43"
"116,116,93,93"
"128,128,42,42"
"128,128,104,104"
"50,50,39,39"
"63,63,45,45"
"57,57,44,44"
"76,76,53,53"
"65,65,40,40"
"65,65,51,51"
"88,88,59,59"
"78,78,52,52"
"69,69,42,42"
"106,106,55,55"
"106,106,39,39"
"58,58,44,44"
"51,51,37,37"
"98,98,68,68"
"55,55,39,39"
"60,60,46,46"
"134,134,40,40"
"134,134,85,85"
"49,49,38,38"
"54,54,40,40"
"74,74,60,60"
"54,54,43,43"
"70,70,45,45"
"87,87,70,70"
"59,59,46,46"
"55,55,42,42"
"53,53,41,41"
"71,71,55,55"
"75,75,62,62"
"116,116,68,68"
"116,116,68,68"
"144,144,122,122"
"57,57,44,44"
"62,62,48,48"
"86,86,67,67"
"89,89,60,60"
"70,70,51,51"
"77,77,55,55"
"93,93,71,71"
"48,48,33,33"
"60,60,44,44"
"80,80,65,65"
"88,88,71,71"
"114,114,94,94"
"56,56,41,41"
"61,61,44,44"
"53,53,41,41"
"98,98,62,62"
"98,98,82,82"
"153,153,42,42"
"153,153,42,42"
"153,153,122,122"
"135,135,113,113"
"64,64,45,45"
"51,51,39,39"
"73,73,55,55"
"116,116,62,62"
"132,132,44,44"
"132,132,112,112"
"70,70,49,49"
"79,79,59,59"
"64,64,45,45"
"51,51,39,39"
"52,52,39,39"
"65,65,47,47"
"69,69,43,43"
"88,88,66,66"
"89,89,58,58"
"57,57,45,45"
"57,57,45,45"
"78,78,61,61"
"104,104,41,41"
"112,112,92,92"
"65,65,41,41"
"63,63,46,46"
"85,85,65,65"
"81,81,59,59"
"78,78,61,61"
"51,51,37,37"
"89,89,61,61"
"99,99,72,72"
"53,53,42,42"
"129,129,84,84"
"133,133,92,92"
"53,53,42,42"
"63,63,45,45"
"58,58,44,44"
"63,63,44,44"
"70,70,51,51"
"75,75,61,61"
"77,77,42,42"
"77,77,62,62"
"63,63,42,42"
"113,113,81,81"
"55,55,39,39"
"146,146,117,117"
"116,116,78,78"
"52,52,36,36"
"114,114,87,87"
"44,44,28,28"
"58,58,40,40"
"91,91,62,62"
"59,59,43,43"
"75,75,52,52"
"42,42,30,30"
"63,63,42,42"
"58,58,43,43"
"147,147,109,109"
"42,42,30,30"
"63,63,41,41"
"57,57,43,43"
"118,118,81,81"
"54,54,40,40"
"53,53,31,31"
"96,96,67,67"
"52,52,38,38"
"81,81,62,62"
"53,53,37,37"
"125,125,39,39"
"125,125,95,95"
"67,67,50,50"
"53,53,33,33"
"62,62,42,42"
"103,103,81,81"
"49,49,34,34"
"60,60,42,42"
"89,89,66,66"
"57,57,42,42"
"76,76,60,60"
"62,62,42,42"
"56,56,40,40"
"49,49,38,38"
"52,52,39,39"
"135,135,104,104"
"89,89,42,42"
"53,53,40,40"
"110,110,81,81"
"134,134,113,113"
"151,151,53,53"
"196,196,64,64"
"196,196,133,133"
"88,88,67,67"
"79,79,46,46"
"132,132,107,107"
"71,71,56,56"
"104,104,84,84"
"60,60,46,46"
"53,53,40,40"
"88,88,68,68"
"138,138,106,106"
"57,57,43,43"
"73,73,59,59"
"105,105,77,77"
"50,50,39,39"
"64,64,44,44"
"80,80,41,41"
"80,80,65,65"
"116,116,42,42"
"116,116,70,70"
"53,53,39,39"
"58,58,44,44"
"56,56,41,41"
"60,60,45,45"
"50,50,38,38"
"56,56,41,41"
"51,51,38,38"
"48,48,34,34"
"53,53,37,37"
"79,79,41,41"
"79,79,63,63"
"151,151,61,61"
"151,151,61,61"
"56,56,35,35"
"142,142,58,58"
"142,142,111,111"
"110,110,40,40"
"110,110,88,88"
"91,91,71,71"
"77,77,61,61"
"63,63,47,47"
"58,58,44,44"
"136,136,102,102"
"56,56,41,41"
"112,112,88,88"
"51,51,38,38"
"100,100,77,77"
"48,48,34,34"
"82,82,64,64"
"268,268,61,61"
"268,268,202,202"
"176,176,117,117"
"215,215,52,52"
"215,215,177,177"
"63,63,47,47"
"135,135,92,92"
"181,181,41,41"
"181,181,40,40"
"181,181,40,40"
"181,181,137,137"
"231,231,94,94"
"231,231,196,196"
"59,59,44,44"
"103,103,69,69"
"172,172,40,40"
"172,172,129,129"
"40,40,29,29"
"88,88,64,64"
"53,53,42,42"
"129,129,102,102"
"51,51,39,39"
"61,61,43,43"
"116,116,98,98"
"130,130,94,94"
"49,49,39,39"
"61,61,42,42"
"114,114,74,74"
"47,47,32,32"
"60,60,40,40"
"60,60,45,45"
"106,106,72,72"
"55,55,41,41"
"89,89,60,60"
"89,89,65,65"
"81,81,55,55"
"122,122,82,82"
"98,98,67,67"
"75,75,60,60"
"59,59,42,42"
"98,98,65,65"
"98,98,66,66"
"89,89,66,66"
"193,193,146,146"
"44,44,32,32"
"64,64,42,42"
"82,82,58,58"
"150,150,118,118"
"76,76,46,46"
"56,56,39,39"
"132,132,100,100"
"155,155,74,74"
"155,155,124,124"
"132,132,49,49"
"132,132,111,111"
"162,162,133,133"
"255,255,39,39"
"255,255,41,41"
"255,255,41,41"
"255,255,64,64"
"255,255,136,136"
"145,145,83,83"
"148,148,51,51"
"148,148,121,121"
"168,168,63,63"
"168,168,65,65"
"168,168,144,144"
"152,152,86,86"
"79,79,65,65"
"170,170,51,51"
"170,170,138,138"
"211,211,177,177"
"364,364,34,34"
"364,364,40,40"
"364,364,58,58"
"364,364,61,61"
"364,364,75,75"
"364,364,195,195"
"81,81,64,64"
"209,209,96,96"
"209,209,166,166"
"180,180,58,58"
"180,180,149,149"
"218,218,106,106"
"218,218,186,186"
"407,407,31,31"
"407,407,42,42"
"407,407,210,210"
"407,407,364,364"
"74,74,60,60"
"89,89,39,39"
"116,116,30,30"
"116,116,67,67"
"116,116,78,78"
"194,194,62,62"
"194,194,159,159"
"211,211,104,104"
"211,211,168,168"
"128,128,36,36"
"128,128,39,39"
"128,128,81,81"
"208,208,42,42"
"208,208,41,41"
"208,208,96,96"
"208,208,185,185"
"238,238,62,62"
"238,238,117,117"
"238,238,212,212"
"132,132,40,40"
"132,132,67,67"
"132,132,87,87"
"216,216,40,40"
"216,216,61,61"
"216,216,101,101"
"239,239,59,59"
"239,239,80,80"
"239,239,207,207"
"262,262,218,218"
"138,138,40,40"
"138,138,40,40"
"138,138,90,90"
"301,301,41,41"
"301,301,40,40"
"301,301,61,61"
"301,301,135,135"
"301,301,255,255"
"166,166,121,121"
"351,351,40,40"
"351,351,289,289"
"82,82,41,41"
"82,82,66,66"
"169,169,118,118"
"103,103,79,79"
"193,193,142,142"
"115,115,41,41"
"115,115,91,91"
"224,224,65,65"
"224,224,117,117"
"117,117,42,42"
"117,117,41,41"
"117,117,88,88"
"229,229,40,40"
"229,229,116,116"
"229,229,205,205"
"117,117,42,42"
"117,117,90,90"
"190,190,154,154"
"128,128,42,42"
"128,128,100,100"
"89,89,39,39"
"89,89,44,44"
"135,135,46,46"
"135,135,105,105"
"145,145,56,56"
"145,145,110,110"
"154,154,59,59"
"154,154,60,60"
"154,154,117,117"
"122,122,66,66"
"122,122,98,98"
"139,139,60,60"
"139,139,98,98"
"92,92,40,40"
"92,92,70,70"
"133,133,103,103"
"128,128,48,48"
"128,128,78,78"
"128,128,61,61"
"169,169,61,61"
"169,169,61,61"
"169,169,144,144"
"196,196,56,56"
"196,196,74,74"
"196,196,102,102"
"196,196,151,151"
"91,91,69,69"
"101,101,39,39"
"140,140,42,42"
"140,140,94,94"
"140,140,65,65"
"198,198,48,48"
"198,198,59,59"
"198,198,71,71"
"198,198,142,142"
"198,198,128,128"
"100,100,78,78"
"122,122,98,98"
"146,146,102,102"
"203,203,65,65"
"203,203,75,75"
"203,203,128,128"
"114,114,87,87"
"125,125,103,103"
"167,167,116,116"
"222,222,38,38"
"222,222,41,41"
"222,222,68,68"
"222,222,103,103"
"222,222,106,106"
"196,196,40,40"
"196,196,117,117"
"99,99,50,50"
"99,99,74,74"
"127,127,42,42"
"127,127,39,39"
"127,127,103,103"
"126,126,97,97"
"172,172,126,126"
"278,278,81,81"
"278,278,77,77"
"278,278,133,133"
"278,278,195,195"
"65,65,44,44"
"105,105,70,70"
"105,105,62,62"
"131,131,102,102"
"116,116,49,49"
"116,116,61,61"
"116,116,40,40"
"174,174,131,131"
"149,149,116,116"
"90,90,60,60"
"120,120,39,39"
"120,120,74,74"
"120,120,62,62"
"144,144,111,111"
"152,152,39,39"
"152,152,42,42"
"152,152,123,123"
"180,180,130,130"
"308,308,29,29"
"308,308,37,37"
"308,308,105,105"
"308,308,215,215"
"122,122,80,80"
"106,106,30,30"
"106,106,65,65"
"153,153,118,118"
"121,121,39,39"
"121,121,60,60"
"121,121,76,76"
"111,111,66,66"
"154,154,46,46"
"154,154,120,120"
"142,142,92,92"
"174,174,74,74"
"174,174,134,134"
"208,208,181,181"
"53,53,37,37"
"143,143,95,95"
"143,143,67,67"
"146,146,40,40"
"146,146,39,39"
"146,146,73,73"
"146,146,110,110"
"198,198,39,39"
"198,198,57,57"
"70,70,46,46"
"160,160,78,78"
"160,160,40,40"
"160,160,83,83"
"160,160,137,137"
"167,167,115,115"
"92,92,64,64"
"87,87,54,54"
"87,87,64,64"
"107,107,49,49"
"107,107,88,88"
"166,166,79,79"
"166,166,134,134"
"192,192,51,51"
"192,192,45,45"
"192,192,64,64"
"192,192,89,89"
"192,192,90,90"
"192,192,157,157"
"110,110,64,64"
"110,110,51,51"
"96,96,66,66"
"89,89,43,43"
"168,168,40,40"
"168,168,39,39"
"240,240,195,195"
"122,122,40,40"
"122,122,78,78"
"107,107,44,44"
"107,107,50,50"
"107,107,88,88"
"112,112,82,82"
"139,139,110,110"
"235,235,62,62"
"235,235,115,115"
"235,235,196,196"
"119,119,40,40"
"119,119,58,58"
"119,119,75,75"
"81,81,55,55"
"118,118,34,34"
"118,118,39,39"
"118,118,74,74"
"118,118,81,81"
"120,120,96,96"
"121,121,39,39"
"121,121,39,39"
"121,121,79,79"
"127,127,58,58"
"127,127,106,106"
"150,150,35,35"
"150,150,97,97"
"150,150,65,65"
"105,105,40,40"
"105,105,52,52"
"105,105,62,62"
"157,157,41,41"
"157,157,41,41"
"157,157,39,39"
"157,157,101,101"
"143,143,41,41"
"143,143,99,99"
"143,143,91,91"
"134,134,113,113"
"138,138,64,64"
"138,138,65,65"
"138,138,114,114"
"164,164,114,114"
"134,134,84,84"
"134,134,72,72"
"156,156,43,43"
"156,156,117,117"
"53,53,40,40"
"89,89,39,39"
"89,89,75,75"
"144,144,48,48"
"144,144,105,105"
"160,160,130,130"
"172,172,48,48"
"172,172,136,136"
"117,117,91,91"
"161,161,45,45"
"161,161,89,89"
"161,161,106,106"
"161,161,142,142"
"224,224,174,174"
"127,127,103,103"
"218,218,33,33"
"218,218,43,43"
"218,218,57,57"
"218,218,137,137"
"151,151,42,42"
"151,151,40,40"
"151,151,41,41"
"151,151,39,39"
"151,151,40,40"
"151,151,60,60"
"151,151,85,85"
"151,151,94,94"
"186,186,66,66"
"196,196,40,40"
"196,196,133,133"
"146,146,63,63"
"146,146,112,112"
"198,198,40,40"
"198,198,39,39"
"198,198,45,45"
"198,198,63,63"
"198,198,93,93"
"198,198,108,108"
"213,213,172,172"
"53,53,40,40"
"152,152,114,114"
"218,218,39,39"
"218,218,112,112"
"218,218,181,181"
"87,87,40,40"
"87,87,65,65"
"163,163,131,131"
"102,102,40,40"
"102,102,80,80"
"179,179,149,149"
"111,111,40,40"
"111,111,85,85"
"167,167,37,37"
"167,167,41,41"
"167,167,62,62"
"115,115,39,39"
"115,115,88,88"
"80,80,50,50"
"90,90,71,71"
"122,122,41,41"
"122,122,97,97"
"90,90,40,40"
"90,90,59,59"
"102,102,78,78"
"130,130,42,42"
"130,130,100,100"
"99,99,62,62"
"92,92,40,40"
"92,92,39,39"
"92,92,71,71"
"103,103,39,39"
"103,103,82,82"
"143,143,46,46"
"143,143,109,109"
"109,109,88,88"
"112,112,73,73"
"104,104,40,40"
"104,104,88,88"
"156,156,53,53"
"156,156,123,123"
"122,122,101,101"
"126,126,98,98"
"111,111,40,40"
"111,111,96,96"
"167,167,59,59"
"167,167,137,137"
"133,133,106,106"
"116,116,41,41"
"116,116,100,100"
"133,133,91,91"
"182,182,61,61"
"182,182,152,152"
"123,123,41,41"
"123,123,108,108"
"140,140,97,97"
"145,145,118,118"
"210,210,62,62"
"210,210,168,168"
"196,196,114,114"
"142,142,40,40"
"142,142,115,115"
"160,160,125,125"
"138,138,101,101"
"161,161,133,133"
"195,195,65,65"
"195,195,162,162"
"53,53,41,41"
"217,217,62,62"
"217,217,179,179"
"165,165,41,41"
"165,165,42,42"
"165,165,61,61"
"165,165,140,140"
"88,88,39,39"
"88,88,39,39"
"88,88,40,40"
"88,88,45,45"
"88,88,64,64"
"91,91,41,41"
"91,91,67,67"
"89,89,39,39"
"102,102,41,41"
"102,102,78,78"
"116,116,81,81"
"77,77,54,54"
"113,113,39,39"
"113,113,71,71"
"94,94,62,62"
"94,94,55,55"
"119,119,41,41"
"119,119,78,78"
"116,116,38,38"
"116,116,70,70"
"116,116,95,95"
"135,135,89,89"
"115,115,41,41"
"115,115,76,76"
"115,115,62,62"
"111,111,61,61"
"111,111,41,41"
"111,111,42,42"
"111,111,57,57"
"127,127,96,96"
"226,226,44,44"
"226,226,39,39"
"226,226,119,119"
"131,131,69,69"
"131,131,40,40"
"131,131,64,64"
"131,131,62,62"
"153,153,117,117"
"147,147,117,117"
"131,131,105,105"
"138,138,93,93"
"167,167,131,131"
"146,146,97,97"
"192,192,159,159"
"171,171,135,135"
"87,87,65,65"
"153,153,114,114"
"196,196,148,148"
"207,207,41,41"
"207,207,162,162"
"92,92,66,66"
"116,116,62,62"
"116,116,98,98"
"165,165,117,117"
"201,201,41,41"
"201,201,64,64"
"106,106,73,73"
"129,129,71,71"
"129,129,107,107"
"176,176,117,117"
"223,223,62,62"
"223,223,171,171"
"109,109,83,83"
"137,137,100,100"
"182,182,99,99"
"125,125,100,100"
"156,156,119,119"
"131,131,99,99"
"167,167,128,128"
"146,146,110,110"
"185,185,138,138"
"50,50,39,39"
"58,58,45,45"
"71,71,56,56"
"75,75,43,43"
"75,75,62,62"
"123,123,35,35"
"123,123,102,102"
"63,63,42,42"
"113,113,81,81"
"55,55,39,39"
"146,146,117,117"
"116,116,78,78"
"52,52,36,36"
"114,114,87,87"
"63,63,42,42"
"113,113,81,81"
"55,55,39,39"
"146,146,117,117"
"116,116,78,78"
"155,155,74,74"
"155,155,124,124"
"132,132,49,49"
"132,132,111,111"
"162,162,133,133"
"255,255,39,39"
"255,255,41,41"
"255,255,41,41"
"255,255,64,64"
"255,255,136,136"
"145,145,83,83"
"148,148,51,51"
"148,148,121,121"
"168,168,63,63"
"168,168,65,65"
"168,168,144,144"
"152,152,86,86"
"79,79,65,65"
"170,170,51,51"
"170,170,138,138"
"211,211,177,177"
"364,364,34,34"
"364,364,40,40"
"364,364,58,58"
"364,364,61,61"
"364,364,75,75"
"364,364,195,195"
"81,81,64,64"
"209,209,96,96"
"209,209,166,166"
"180,180,58,58"
"180,180,149,149"
"218,218,106,106"
"218,218,186,186"
"407,407,31,31"
"407,407,42,42"
"407,407,210,210"
"407,407,364,364"
"74,74,60,60"
"89,89,39,39"
"116,116,30,30"
"116,116,67,67"
"116,116,78,78"
"194,194,62,62"
"194,194,159,159"
"211,211,104,104"
"211,211,168,168"
"128,128,36,36"
"128,128,39,39"
"128,128,81,81"
"208,208,41,41"
"208,208,42,42"
"208,208,96,96"
"208,208,185,185"
"238,238,62,62"
"238,238,117,117"
"238,238,212,212"
"132,132,40,40"
"132,132,67,67"
"132,132,87,87"
"216,216,40,40"
"216,216,61,61"
"216,216,101,101"
"239,239,59,59"
"239,239,80,80"
"239,239,207,207"
"262,262,218,218"
"138,138,40,40"
"138,138,40,40"
"138,138,90,90"
"301,301,41,41"
"301,301,40,40"
"301,301,61,61"
"301,301,135,135"
"301,301,255,255"
"166,166,121,121"
"351,351,40,40"
"351,351,289,289"
"82,82,41,41"
"82,82,66,66"
"169,169,118,118"
"103,103,79,79"
"193,193,142,142"
"115,115,41,41"
"115,115,91,91"
"224,224,65,65"
"224,224,117,117"
"117,117,42,42"
"117,117,41,41"
"117,117,88,88"
"229,229,40,40"
"229,229,116,116"
"229,229,205,205"
"117,117,42,42"
"117,117,90,90"
"190,190,154,154"
"128,128,42,42"
"128,128,100,100"
"135,135,46,46"
"135,135,105,105"
"89,89,39,39"
"89,89,44,44"
"145,145,56,56"
"145,145,110,110"
"154,154,59,59"
"154,154,60,60"
"154,154,117,117"
"122,122,66,66"
"122,122,98,98"
"139,139,60,60"
"139,139,98,98"
"92,92,40,40"
"92,92,70,70"
"133,133,103,103"
"128,128,48,48"
"128,128,78,78"
"128,128,61,61"
"169,169,61,61"
"169,169,61,61"
"169,169,144,144"
"196,196,56,56"
"196,196,74,74"
"196,196,102,102"
"196,196,151,151"
"91,91,69,69"
"101,101,39,39"
"140,140,42,42"
"140,140,94,94"
"140,140,65,65"
"198,198,48,48"
"198,198,59,59"
"198,198,71,71"
"198,198,142,142"
"198,198,128,128"
"100,100,78,78"
"122,122,98,98"
"146,146,102,102"
"203,203,65,65"
"203,203,75,75"
"203,203,128,128"
"114,114,87,87"
"125,125,103,103"
"167,167,116,116"
"222,222,38,38"
"222,222,41,41"
"222,222,68,68"
"222,222,103,103"
"222,222,106,106"
"196,196,40,40"
"196,196,117,117"
"99,99,50,50"
"99,99,74,74"
"127,127,39,39"
"127,127,42,42"
"127,127,103,103"
"126,126,97,97"
"172,172,126,126"
"278,278,81,81"
"278,278,77,77"
"278,278,133,133"
"278,278,195,195"
"65,65,44,44"
"105,105,70,70"
"105,105,62,62"
"131,131,102,102"
"116,116,61,61"
"116,116,40,40"
"116,116,49,49"
"174,174,131,131"
"149,149,116,116"
"90,90,60,60"
"120,120,39,39"
"120,120,74,74"
"120,120,62,62"
"144,144,111,111"
"152,152,39,39"
"152,152,42,42"
"152,152,123,123"
"180,180,130,130"
"308,308,29,29"
"308,308,37,37"
"308,308,105,105"
"308,308,215,215"
"122,122,80,80"
"106,106,30,30"
"106,106,65,65"
"153,153,118,118"
"155,155,74,74"
"155,155,124,124"
"132,132,49,49"
"132,132,111,111"
"162,162,133,133"
"255,255,39,39"
"255,255,41,41"
"255,255,41,41"
"255,255,64,64"
"255,255,136,136"
"145,145,83,83"
"148,148,51,51"
"148,148,121,121"
"168,168,63,63"
"168,168,65,65"
"168,168,144,144"
"132,132,49,49"
"132,132,111,111"
"155,155,74,74"
"155,155,124,124"
"162,162,133,133"
"255,255,39,39"
"255,255,41,41"
"255,255,41,41"
"255,255,64,64"
"255,255,136,136"
"145,145,83,83"
"148,148,51,51"
"148,148,121,121"
"168,168,63,63"
"168,168,65,65"
"168,168,144,144"
"132,132,49,49"
"132,132,111,111"
"155,155,74,74"
"155,155,124,124"
"162,162,133,133"
"255,255,39,39"
"255,255,41,41"
"255,255,41,41"
"255,255,64,64"
"255,255,136,136"
"145,145,83,83"
"148,148,51,51"
"148,148,121,121"
"168,168,63,63"
"168,168,65,65"
"168,168,144,144"
"88,88,62,62"
"53,53,38,38"
"131,131,89,89"
"50,50,38,38"
"55,55,40,40"
"174,174,63,63"
"174,174,105,105"
"174,174,147,147"
"51,51,39,39"
"55,55,41,41"
"53,53,38,38"
"63,63,42,42"
"113,113,81,81"
"55,55,39,39"
"146,146,117,117"
"116,116,78,78"
"63,63,42,42"
"113,113,81,81"
"55,55,39,39"
"146,146,117,117"
"116,116,78,78"
"52,52,36,36"
"114,114,87,87"
"44,44,28,28"
"58,58,40,40"
"91,91,62,62"
"59,59,43,43"
"75,75,52,52"
"42,42,30,30"
"63,63,42,42"
"58,58,43,43"
"147,147,109,109"
"63,63,42,42"
"113,113,81,81"
"55,55,39,39"
"146,146,117,117"
"116,116,78,78"
"52,52,36,36"
"114,114,87,87"
"44,44,28,28"
"58,58,40,40"
"91,91,62,62"
"59,59,43,43"
"75,75,52,52"
"42,42,30,30"
"63,63,42,42"
"58,58,43,43"
"147,147,109,109"
"42,42,30,30"
"57,57,43,43"
"63,63,41,41"
"118,118,81,81"
"54,54,40,40"
"53,53,31,31"
"96,96,67,67"
"52,52,38,38"
"81,81,62,62"
"53,53,37,37"
"125,125,39,39"
"125,125,95,95"
"67,67,50,50"
"53,53,33,33"
"62,62,42,42"
"103,103,81,81"
"63,63,42,42"
"113,113,81,81"
"55,55,39,39"
"146,146,117,117"
"116,116,78,78"
"52,52,36,36"
"114,114,87,87"
"44,44,28,28"
"58,58,40,40"
"91,91,62,62"
"75,75,52,52"
"59,59,43,43"
"42,42,30,30"
"58,58,43,43"
"63,63,42,42"
"147,147,109,109"
"63,63,42,42"
"113,113,81,81"
"55,55,39,39"
"146,146,117,117"
"116,116,78,78"
"52,52,36,36"
"114,114,87,87"
"44,44,28,28"
"58,58,40,40"
"91,91,62,62"
"75,75,52,52"
"59,59,43,43"
"42,42,30,30"
"63,63,42,42"
"58,58,43,43"
"147,147,109,109"
"42,42,30,30"
"57,57,43,43"
"63,63,41,41"
"118,118,81,81"
"54,54,40,40"
"53,53,31,31"
"96,96,67,67"
"63,63,42,42"
"113,113,81,81"
"55,55,39,39"
"146,146,117,117"
"116,116,78,78"
"52,52,36,36"
"114,114,87,87"
"44,44,28,28"
"58,58,40,40"
"91,91,62,62"
"59,59,43,43"
"75,75,52,52"
"42,42,30,30"
"63,63,42,42"
"58,58,43,43"
"147,147,109,109"
"42,42,30,30"
"63,63,41,41"
"57,57,43,43"
"118,118,81,81"
"54,54,40,40"
"53,53,31,31"
"96,96,67,67"
"52,52,38,38"
"81,81,62,62"
"53,53,37,37"
"125,125,39,39"
"125,125,95,95"
"67,67,50,50"
"53,53,33,33"
"62,62,42,42"
"103,103,81,81"
"49,49,34,34"
"60,60,42,42"
"89,89,66,66"
"57,57,42,42"
"76,76,60,60"
"62,62,42,42"
"56,56,40,40"
"49,49,38,38"
"52,52,39,39"
"89,89,42,42"
"135,135,104,104"
"53,53,40,40"
"110,110,81,81"
"134,134,113,113"
"151,151,53,53"
"196,196,64,64"
"196,196,133,133"
"79,79,46,46"
"88,88,67,67"
"132,132,107,107"
"71,71,56,56"
"104,104,84,84"
"60,60,46,46"
"53,53,40,40"
"88,88,68,68"
"138,138,106,106"
"57,57,43,43"
"73,73,59,59"
"105,105,77,77"
"50,50,39,39"
"64,64,44,44"
"80,80,41,41"
"80,80,65,65"
"116,116,42,42"
"116,116,70,70"
"46,46,33,33"
"48,48,29,29"
"54,54,41,41"
"86,86,71,71"
"47,47,34,34"
"60,60,43,43"
"50,50,39,39"
"51,51,39,39"
"51,51,38,38"
"83,83,64,64"
"53,53,41,41"
"87,87,63,63"
"69,69,44,44"
"124,124,38,38"
"124,124,110,110"
"63,63,42,42"
"113,113,81,81"
"55,55,39,39"
"146,146,117,117"
"116,116,78,78"
"63,63,42,42"
"113,113,81,81"
"55,55,39,39"
"146,146,117,117"
"116,116,78,78"
"52,52,36,36"
"114,114,87,87"
"44,44,28,28"
"58,58,40,40"
"91,91,62,62"
"75,75,52,52"
"59,59,43,43"
"42,42,30,30"
"63,63,42,42"
"58,58,43,43"
"147,147,109,109"
"42,42,30,30"
"57,57,43,43"
"63,63,41,41"
"118,118,81,81"
"54,54,40,40"
"53,53,31,31"
"96,96,67,67"
"52,52,38,38"
"81,81,62,62"
"53,53,37,37"
"125,125,39,39"
"125,125,95,95"
"67,67,50,50"
"53,53,33,33"
"62,62,42,42"
"103,103,81,81"
"49,49,34,34"
"60,60,42,42"
"89,89,66,66"
"63,63,42,42"
"113,113,81,81"
"88,88,62,62"
"53,53,38,38"
"131,131,89,89"
"50,50,38,38"
"55,55,40,40"
"174,174,63,63"
"174,174,105,105"
"174,174,147,147"
"51,51,39,39"
"55,55,41,41"
"53,53,38,38"
"54,54,41,41"
"51,51,37,37"
"60,60,44,44"
"56,56,42,42"
"54,54,40,40"
"66,66,49,49"
"50,50,39,39"
"59,59,43,43"
"76,76,57,57"
"74,74,48,48"
"60,60,44,44"
"66,66,47,47"
"79,79,65,65"
"116,116,62,62"
"116,116,68,68"
"67,67,48,48"
"68,68,53,53"
"98,98,74,74"
"151,151,87,87"
"151,151,72,72"
"51,51,37,37"
"74,74,51,51"
"118,118,96,96"
"53,53,39,39"
"79,79,65,65"
"97,97,65,65"
"164,164,136,136"
"44,44,31,31"
"53,53,41,41"
"85,85,65,65"
"69,69,45,45"
"116,116,78,78"
"50,50,36,36"
"58,58,42,42"
"96,96,77,77"
"151,151,40,40"
"151,151,62,62"
"151,151,91,91"
"50,50,37,37"
"106,106,89,89"
"53,53,40,40"
"75,75,40,40"
"75,75,60,60"
"128,128,103,103"
"58,58,43,43"
"84,84,49,49"
"153,153,123,123"
"48,48,34,34"
"62,62,45,45"
"116,116,54,54"
"116,116,88,88"
"174,174,134,134"
"50,50,38,38"
"67,67,47,47"
"138,138,69,69"
"240,240,208,208"
"50,50,38,38"
"75,75,54,54"
"59,59,43,43"
"83,83,63,63"
"61,61,45,45"
"99,99,76,76"
"63,63,42,42"
"113,113,81,81"
"55,55,39,39"
"146,146,117,117"
"116,116,78,78"
"52,52,36,36"
"114,114,87,87"
"44,44,28,28"
"58,58,40,40"
"91,91,62,62"
"75,75,52,52"
"59,59,43,43"
"42,42,30,30"
"63,63,42,42"
"58,58,43,43"
"147,147,109,109"
"155,155,74,74"
"155,155,124,124"
"132,132,49,49"
"132,132,111,111"
"162,162,133,133"
"255,255,39,39"
"255,255,41,41"
"255,255,41,41"
"255,255,64,64"
"255,255,136,136"
"145,145,83,83"
"148,148,51,51"
"148,148,121,121"
"168,168,63,63"
"168,168,65,65"
"168,168,144,144"
"88,88,62,62"
"53,53,38,38"
"131,131,89,89"
"63,63,42,42"
"113,113,81,81"
"55,55,39,39"
"146,146,117,117"
"116,116,78,78"
"52,52,36,36"
"114,114,87,87"
"44,44,28,28"
"58,58,40,40"
"91,91,62,62"
"75,75,52,52"
"59,59,43,43"
"42,42,30,30"
"63,63,42,42"
"58,58,43,43"
"147,147,109,109"
"42,42,30,30"
"57,57,43,43"
"63,63,41,41"
"118,118,81,81"
"54,54,40,40"
"53,53,31,31"
"96,96,67,67"
"52,52,38,38"
"81,81,62,62"
"53,53,37,37"
"125,125,39,39"
"125,125,95,95"
"63,63,42,42"
"113,113,81,81"
"55,55,39,39"
"146,146,117,117"
"116,116,78,78"
"63,63,42,42"
"113,113,81,81"
"55,55,39,39"
"146,146,117,117"
"116,116,78,78"
"52,52,36,36"
"114,114,87,87"
"44,44,28,28"
"58,58,40,40"
"91,91,62,62"
"75,75,52,52"
"59,59,43,43"
"42,42,30,30"
"63,63,42,42"
"58,58,43,43"
"147,147,109,109"
"42,42,30,30"
"63,63,41,41"
"57,57,43,43"
"118,118,81,81"
"54,54,40,40"
"53,53,31,31"
"96,96,67,67"
"52,52,38,38"
"81,81,62,62"
"53,53,37,37"
"125,125,39,39"
"125,125,95,95"
"67,67,50,50"
"53,53,33,33"
"62,62,42,42"
"103,103,81,81"
"49,49,34,34"
"60,60,42,42"
"89,89,66,66"
"76,76,60,60"
"57,57,42,42"
"56,56,40,40"
"62,62,42,42"
"49,49,38,38"
"52,52,39,39"
"135,135,104,104"
"89,89,42,42"
"53,53,40,40"
"110,110,81,81"
"134,134,113,113"
"151,151,53,53"
"196,196,64,64"
"196,196,133,133"
"79,79,46,46"
"88,88,67,67"
"132,132,107,107"
"71,71,56,56"
"104,104,84,84"
"60,60,46,46"
"53,53,40,40"
"88,88,68,68"
"138,138,106,106"
"57,57,43,43"
"73,73,59,59"
"105,105,77,77"
"50,50,39,39"
"64,64,44,44"
"80,80,41,41"
"80,80,65,65"
"116,116,42,42"
"116,116,70,70"
"58,58,44,44"
"53,53,39,39"
"56,56,41,41"
"60,60,45,45"
"50,50,38,38"
"56,56,41,41"
"48,48,34,34"
"51,51,38,38"
"53,53,37,37"
"79,79,41,41"
"79,79,63,63"
"151,151,61,61"
"151,151,61,61"
"56,56,35,35"
"142,142,58,58"
"142,142,111,111"
"110,110,40,40"
"110,110,88,88"
"91,91,71,71"
"77,77,61,61"
"63,63,47,47"
"58,58,44,44"
"136,136,102,102"
"56,56,41,41"
"112,112,88,88"
"51,51,38,38"
"100,100,77,77"
"48,48,34,34"
"82,82,64,64"
"268,268,61,61"
"268,268,202,202"
"176,176,117,117"
"215,215,52,52"
"215,215,177,177"
"63,63,47,47"
"135,135,92,92"
"181,181,41,41"
"181,181,40,40"
"181,181,40,40"
"181,181,137,137"
"231,231,94,94"
"231,231,196,196"
"59,59,44,44"
"103,103,69,69"
"172,172,40,40"
"172,172,129,129"
"40,40,29,29"
"88,88,64,64"
"53,53,42,42"
"129,129,102,102"
"51,51,39,39"
"61,61,43,43"
"116,116,98,98"
"130,130,94,94"
"49,49,39,39"
"61,61,42,42"
"114,114,74,74"
"47,47,32,32"
"60,60,40,40"
"60,60,45,45"
"106,106,72,72"
"55,55,41,41"
"89,89,60,60"
"89,89,65,65"
"81,81,55,55"
"122,122,82,82"
"98,98,67,67"
"75,75,60,60"
"59,59,42,42"
"98,98,65,65"
"98,98,66,66"
"89,89,66,66"
"193,193,146,146"
"44,44,32,32"
"64,64,42,42"
"82,82,58,58"
"150,150,118,118"
"56,56,39,39"
"76,76,46,46"
"132,132,100,100"
"65,65,42,42"
"53,53,41,41"
"109,109,87,87"
"62,62,43,43"
"53,53,40,40"
"97,97,76,76"
"137,137,98,98"
"167,167,128,128"
"243,243,115,115"
"56,56,40,40"
"83,83,65,65"
"107,107,75,75"
"144,144,114,114"
"52,52,39,39"
"74,74,61,61"
"96,96,69,69"
"117,117,90,90"
"136,136,104,104"
"151,151,73,73"
"52,52,39,39"
"67,67,53,53"
"81,81,64,64"
"109,109,79,79"
"97,97,77,77"
"48,48,33,33"
"73,73,52,52"
"59,59,45,45"
"98,98,66,66"
"90,90,66,66"
"149,149,61,61"
"149,149,68,68"
"149,149,127,127"
"196,196,60,60"
"196,196,66,66"
"196,196,70,70"
"57,57,45,45"
"64,64,40,40"
"76,76,59,59"
"83,83,56,56"
"136,136,108,108"
"51,51,36,36"
"72,72,46,46"
"58,58,42,42"
"60,60,45,45"
"110,110,88,88"
"60,60,44,44"
"65,65,44,44"
"50,50,39,39"
"56,56,40,40"
"98,98,75,75"
"49,49,39,39"
"57,57,42,42"
"58,58,43,43"
"58,58,41,41"
"83,83,64,64"
"89,89,66,66"
"52,52,37,37"
"52,52,37,37"
"58,58,43,43"
"76,76,60,60"
"56,56,41,41"
"55,55,39,39"
"54,54,41,41"
"66,66,51,51"
"89,89,56,56"
"47,47,34,34"
"49,49,39,39"
"58,58,44,44"
"46,46,33,33"
"50,50,38,38"
"57,57,45,45"
"135,135,40,40"
"135,135,81,81"
"55,55,41,41"
"53,53,36,36"
"125,125,65,65"
"125,125,86,86"
"52,52,39,39"
"53,53,36,36"
"103,103,64,64"
"103,103,63,63"
"93,93,70,70"
"50,50,39,39"
"96,96,63,63"
"128,128,101,101"
"55,55,40,40"
"83,83,60,60"
"99,99,69,69"
"52,52,36,36"
"81,81,63,63"
"86,86,66,66"
"89,89,42,42"
"174,174,40,40"
"174,174,134,134"
"151,151,87,87"
"151,151,96,96"
"47,47,33,33"
"73,73,61,61"
"72,72,47,47"
"138,138,62,62"
"138,138,77,77"
"138,138,109,109"
"152,152,41,41"
"152,152,116,116"
"65,65,43,43"
"113,113,70,70"
"113,113,91,91"
"89,89,50,50"
"89,89,71,71"
"140,140,108,108"
"44,44,32,32"
"57,57,42,42"
"69,69,44,44"
"110,110,73,73"
"116,116,95,95"
"60,60,41,41"
"90,90,61,61"
"55,55,41,41"
"89,89,43,43"
"52,52,37,37"
"69,69,42,42"
"63,63,42,42"
"113,113,81,81"
"55,55,39,39"
"146,146,117,117"
"116,116,78,78"
"52,52,36,36"
"114,114,87,87"
"44,44,28,28"
"58,58,40,40"
"91,91,62,62"
"75,75,52,52"
"59,59,43,43"
"42,42,30,30"
"63,63,42,42"
"58,58,43,43"
"147,147,109,109"
"42,42,30,30"
"63,63,41,41"
"57,57,43,43"
"118,118,81,81"
"54,54,40,40"
"53,53,31,31"
"96,96,67,67"
"52,52,38,38"
"81,81,62,62"
"53,53,37,37"
"125,125,39,39"
"125,125,95,95"
"67,67,50,50"
"53,53,33,33"
"62,62,42,42"
"103,103,81,81"
"49,49,34,34"
"60,60,42,42"
"89,89,66,66"
"76,76,60,60"
"57,57,42,42"
"62,62,42,42"
"56,56,40,40"
"49,49,38,38"
"52,52,39,39"
"135,135,104,104"
"89,89,42,42"
"53,53,40,40"
"110,110,81,81"
"134,134,113,113"
"151,151,53,53"
"196,196,64,64"
"196,196,133,133"
"88,88,67,67"
"79,79,46,46"
"132,132,107,107"
"71,71,56,56"
"104,104,84,84"
"60,60,46,46"
"53,53,40,40"
"88,88,68,68"
"138,138,106,106"
"57,57,43,43"
"73,73,59,59"
"105,105,77,77"
"50,50,39,39"
"64,64,44,44"
"80,80,41,41"
"80,80,65,65"
"116,116,42,42"
"116,116,70,70"
"53,53,39,39"
"58,58,44,44"
"56,56,41,41"
"60,60,45,45"
"56,56,41,41"
"50,50,38,38"
"48,48,34,34"
"51,51,38,38"
"53,53,37,37"
"79,79,41,41"
"79,79,63,63"
"151,151,61,61"
"151,151,61,61"
"56,56,35,35"
"142,142,58,58"
"142,142,111,111"
"110,110,40,40"
"110,110,88,88"
"91,91,71,71"
"77,77,61,61"
"63,63,47,47"
"58,58,44,44"
"136,136,102,102"
"56,56,41,41"
"112,112,88,88"
"51,51,38,38"
"100,100,77,77"
"48,48,34,34"
"82,82,64,64"
"268,268,61,61"
"268,268,202,202"
"176,176,117,117"
"215,215,52,52"
"215,215,177,177"
"63,63,47,47"
"135,135,92,92"
"181,181,41,41"
"181,181,40,40"
"181,181,40,40"
"181,181,137,137"
"231,231,94,94"
"231,231,196,196"
"59,59,44,44"
"103,103,69,69"
"172,172,40,40"
"172,172,129,129"
"40,40,29,29"
"88,88,64,64"
"53,53,42,42"
"129,129,102,102"
"51,51,39,39"
"61,61,43,43"
"116,116,98,98"
"130,130,94,94"
"49,49,39,39"
"61,61,42,42"
"114,114,74,74"
"47,47,32,32"
"60,60,40,40"
"60,60,45,45"
"106,106,72,72"
"55,55,41,41"
"89,89,60,60"
"89,89,65,65"
"81,81,55,55"
"122,122,82,82"
"98,98,67,67"
"75,75,60,60"
"59,59,42,42"
"98,98,65,65"
"98,98,66,66"
"89,89,66,66"
"193,193,146,146"
"44,44,32,32"
"64,64,42,42"
"82,82,58,58"
"150,150,118,118"
"76,76,46,46"
"56,56,39,39"
"132,132,100,100"
"65,65,42,42"
"53,53,41,41"
"109,109,87,87"
"62,62,43,43"
"53,53,40,40"
"97,97,76,76"
"137,137,98,98"
"167,167,128,128"
"243,243,115,115"
"56,56,40,40"
"83,83,65,65"
"107,107,75,75"
"144,144,114,114"
"52,52,39,39"
"74,74,61,61"
"96,96,69,69"
"117,117,90,90"
"136,136,104,104"
"151,151,73,73"
"52,52,39,39"
"67,67,53,53"
"81,81,64,64"
"97,97,77,77"
"109,109,79,79"
"48,48,33,33"
"98,98,66,66"
"73,73,52,52"
"59,59,45,45"
"90,90,66,66"
"149,149,61,61"
"149,149,68,68"
"149,149,127,127"
"196,196,60,60"
"196,196,66,66"
"196,196,70,70"
"64,64,40,40"
"76,76,59,59"
"57,57,45,45"
"83,83,56,56"
"136,136,108,108"
"51,51,36,36"
"72,72,46,46"
"60,60,45,45"
"58,58,42,42"
"110,110,88,88"
"60,60,44,44"
"65,65,44,44"
"50,50,39,39"
"56,56,40,40"
"98,98,75,75"
"58,58,43,43"
"49,49,39,39"
"57,57,42,42"
"58,58,41,41"
"83,83,64,64"
"89,89,66,66"
"52,52,37,37"
"52,52,37,37"
"58,58,43,43"
"76,76,60,60"
"56,56,41,41"
"55,55,39,39"
"54,54,41,41"
"66,66,51,51"
"89,89,56,56"
"47,47,34,34"
"49,49,39,39"
"58,58,44,44"
"46,46,33,33"
"50,50,38,38"
"57,57,45,45"
"135,135,40,40"
"135,135,81,81"
"55,55,41,41"
"53,53,36,36"
"125,125,65,65"
"125,125,86,86"
"52,52,39,39"
"53,53,36,36"
"103,103,64,64"
"103,103,63,63"
"93,93,70,70"
"50,50,39,39"
"96,96,63,63"
"128,128,101,101"
"55,55,40,40"
"83,83,60,60"
"99,99,69,69"
"52,52,36,36"
"81,81,63,63"
"86,86,66,66"
"89,89,42,42"
"151,151,87,87"
"151,151,96,96"
"174,174,40,40"
"174,174,134,134"
"47,47,33,33"
"73,73,61,61"
"72,72,47,47"
"138,138,62,62"
"138,138,77,77"
"138,138,109,109"
"152,152,41,41"
"152,152,116,116"
"65,65,43,43"
"113,113,70,70"
"113,113,91,91"
"89,89,50,50"
"89,89,71,71"
"140,140,108,108"
"44,44,32,32"
"57,57,42,42"
"69,69,44,44"
"110,110,73,73"
"116,116,95,95"
"60,60,41,41"
"90,90,61,61"
"55,55,41,41"
"89,89,43,43"
"52,52,37,37"
"69,69,42,42"
"77,77,60,60"
"98,98,79,79"
"145,145,110,110"
"67,67,44,44"
"61,61,42,42"
"118,118,92,92"
"61,61,43,43"
"60,60,45,45"
"111,111,86,86"
"139,139,40,40"
"53,53,42,42"
"64,64,43,43"
"96,96,68,68"
"89,89,41,41"
"89,89,70,70"
"140,140,64,64"
"140,140,110,110"
"122,122,89,89"
"54,54,41,41"
"87,87,66,66"
"82,82,60,60"
"96,96,68,68"
"114,114,90,90"
"50,50,39,39"
"76,76,57,57"
"79,79,61,61"
"99,99,58,58"
"67,67,46,46"
"53,53,41,41"
"84,84,66,66"
"73,73,43,43"
"73,73,62,62"
"143,143,109,109"
"75,75,61,61"
"53,53,43,43"
"64,64,43,43"
"92,92,43,43"
"128,128,99,99"
"53,53,36,36"
"70,70,52,52"
"106,106,42,42"
"106,106,85,85"
"59,59,42,42"
"64,64,43,43"
"89,89,41,41"
"89,89,66,66"
"53,53,40,40"
"64,64,42,42"
"102,102,40,40"
"102,102,73,73"
"89,89,69,69"
"52,52,38,38"
"51,51,39,39"
"56,56,40,40"
"57,57,45,45"
"88,88,67,67"
"89,89,69,69"
"151,151,83,83"
"53,53,41,41"
"79,79,57,57"
"55,55,41,41"
"89,89,72,72"
"168,168,128,128"
"51,51,38,38"
"54,54,41,41"
"58,58,42,42"
"76,76,54,54"
"125,125,97,97"
"54,54,41,41"
"55,55,41,41"
"69,69,51,51"
"107,107,77,77"
"50,50,38,38"
"63,63,49,49"
"83,83,64,64"
"96,96,74,74"
"49,49,37,37"
"59,59,43,43"
"70,70,53,53"
"46,46,34,34"
"57,57,42,42"
"58,58,44,44"
"55,55,40,40"
"46,46,33,33"
"50,50,39,39"
"63,63,44,44"
"144,144,116,116"
"151,151,40,40"
"151,151,40,40"
"151,151,49,49"
"52,52,39,39"
"59,59,42,42"
"53,53,40,40"
"122,122,100,100"
"187,187,39,39"
"53,53,39,39"
"53,53,41,41"
"63,63,42,42"
"107,107,83,83"
"89,89,37,37"
"151,151,61,61"
"151,151,80,80"
"160,160,41,41"
"160,160,42,42"
"160,160,40,40"
"160,160,74,74"
"160,160,134,134"
"49,49,37,37"
"49,49,38,38"
"67,67,47,47"
"93,93,73,73"
"122,122,40,40"
"122,122,46,46"
"122,122,59,59"
"122,122,104,104"
"116,116,90,90"
"151,151,60,60"
"151,151,128,128"
"48,48,32,32"
"49,49,38,38"
"81,81,65,65"
"90,90,41,41"
"90,90,49,49"
"90,90,46,46"
"240,240,76,76"
"240,240,86,86"
"240,240,153,153"
"44,44,32,32"
"89,89,38,38"
"89,89,50,50"
"89,89,41,41"
"71,71,55,55"
"126,126,40,40"
"126,126,44,44"
"152,152,60,60"
"152,152,41,41"
"152,152,124,124"
"46,46,33,33"
"48,48,32,32"
"51,51,39,39"
"66,66,29,29"
"82,82,40,40"
"82,82,64,64"
"90,90,41,41"
"90,90,65,65"
"123,123,47,47"
"123,123,48,48"
"123,123,98,98"
"104,104,82,82"
"162,162,72,72"
"162,162,121,121"
"42,42,31,31"
"53,53,41,41"
"57,57,44,44"
"81,81,64,64"
"94,94,39,39"
"94,94,42,42"
"94,94,42,42"
"122,122,97,97"
"238,238,93,93"
"238,238,137,137"
"57,57,44,44"
"59,59,43,43"
"74,74,62,62"
"69,69,57,57"
"89,89,39,39"
"89,89,39,39"
"89,89,71,71"
"53,53,41,41"
"82,82,39,39"
"82,82,65,65"
"96,96,83,83"
"255,255,41,41"
"255,255,75,75"
"255,255,84,84"
"255,255,136,136"
"50,50,38,38"
"51,51,38,38"
"78,78,58,58"
"60,60,43,43"
"127,127,72,72"
"84,84,61,61"
"145,145,40,40"
"145,145,41,41"
"145,145,127,127"
"56,56,41,41"
"67,67,51,51"
"118,118,61,61"
"54,54,42,42"
"98,98,39,39"
"98,98,67,67"
"141,141,38,38"
"141,141,68,68"
"52,52,37,37"
"59,59,44,44"
"58,58,43,43"
"100,100,54,54"
"141,141,67,67"
"141,141,117,117"
"46,46,32,32"
"56,56,42,42"
"52,52,38,38"
"49,49,36,36"
"72,72,42,42"
"72,72,57,57"
"99,99,57,57"
"76,76,55,55"
"78,78,58,58"
"128,128,69,69"
"157,157,43,43"
"157,157,63,63"
"157,157,91,91"
"255,255,56,56"
"255,255,83,83"
"255,255,138,138"
"52,52,38,38"
"50,50,37,37"
"56,56,41,41"
"81,81,40,40"
"81,81,66,66"
"77,77,52,52"
"73,73,57,57"
"89,89,68,68"
"116,116,56,56"
"168,168,41,41"
"168,168,63,63"
"168,168,121,121"
"255,255,64,64"
"255,255,103,103"
"255,255,148,148"
"49,49,39,39"
"54,54,41,41"
"74,74,40,40"
"74,74,60,60"
"59,59,42,42"
"70,70,53,53"
"174,174,133,133"
"185,185,61,61"
"185,185,123,123"
"52,52,39,39"
"67,67,40,40"
"67,67,57,57"
"55,55,40,40"
"57,57,44,44"
"69,69,46,46"
"144,144,112,112"
"124,124,40,40"
"124,124,70,70"
"50,50,38,38"
"63,63,47,47"
"69,69,53,53"
"56,56,41,41"
"112,112,91,91"
"136,136,43,43"
"136,136,108,108"
"49,49,38,38"
"59,59,42,42"
"59,59,46,46"
"84,84,64,64"
"99,99,77,77"
"116,116,34,34"
"116,116,53,53"
"148,148,116,116"
"47,47,33,33"
"46,46,34,34"
"56,56,41,41"
"66,66,43,43"
"92,92,68,68"
"101,101,67,67"
"133,133,93,93"
"128,128,36,36"
"128,128,97,97"
"51,51,37,37"
"52,52,39,39"
"63,63,46,46"
"108,108,75,75"
"79,79,63,63"
"110,110,87,87"
"48,48,33,33"
"51,51,39,39"
"68,68,54,54"
"53,53,42,42"
"57,57,43,43"
"85,85,65,65"
"50,50,39,39"
"61,61,43,43"
"56,56,41,41"
"79,79,58,58"
"61,61,44,44"
"85,85,41,41"
"63,63,42,42"
"113,113,81,81"
"55,55,39,39"
"146,146,117,117"
"116,116,78,78"
"52,52,36,36"
"114,114,87,87"
"44,44,28,28"
"58,58,40,40"
"91,91,62,62"
"75,75,52,52"
"59,59,43,43"
"42,42,30,30"
"58,58,43,43"
"63,63,42,42"
"147,147,109,109"
"42,42,30,30"
"63,63,41,41"
"57,57,43,43"
"118,118,81,81"
"54,54,40,40"
"53,53,31,31"
"96,96,67,67"
"52,52,38,38"
"81,81,62,62"
"53,53,37,37"
"125,125,39,39"
"125,125,95,95"
"67,67,50,50"
"53,53,33,33"
"62,62,42,42"
"103,103,81,81"
"49,49,34,34"
"60,60,42,42"
"89,89,66,66"
"76,76,60,60"
"57,57,42,42"
"62,62,42,42"
"56,56,40,40"
"49,49,38,38"
"52,52,39,39"
"135,135,104,104"
"89,89,42,42"
"53,53,40,40"
"110,110,81,81"
"134,134,113,113"
"151,151,53,53"
"196,196,64,64"
"196,196,133,133"
"79,79,46,46"
"88,88,67,67"
"132,132,107,107"
"71,71,56,56"
"104,104,84,84"
"60,60,46,46"
"53,53,40,40"
"88,88,68,68"
"138,138,106,106"
"57,57,43,43"
"73,73,59,59"
"105,105,77,77"
"50,50,39,39"
"64,64,44,44"
"80,80,41,41"
"80,80,65,65"
"116,116,42,42"
"116,116,70,70"
"53,53,39,39"
"58,58,44,44"
"56,56,41,41"
"60,60,45,45"
"50,50,38,38"
"56,56,41,41"
"48,48,34,34"
"51,51,38,38"
"53,53,37,37"
"79,79,41,41"
"79,79,63,63"
"151,151,61,61"
"151,151,61,61"
"56,56,35,35"
"142,142,58,58"
"142,142,111,111"
"110,110,40,40"
"110,110,88,88"
"91,91,71,71"
"77,77,61,61"
"63,63,47,47"
"58,58,44,44"
"136,136,102,102"
"56,56,41,41"
"112,112,88,88"
"51,51,38,38"
"100,100,77,77"
"48,48,34,34"
"82,82,64,64"
"268,268,61,61"
"268,268,202,202"
"176,176,117,117"
"215,215,52,52"
"215,215,177,177"
"63,63,47,47"
"135,135,92,92"
"181,181,41,41"
"181,181,40,40"
"181,181,40,40"
"181,181,137,137"
"231,231,94,94"
"231,231,196,196"
"59,59,44,44"
"103,103,69,69"
"172,172,40,40"
"172,172,129,129"
"40,40,29,29"
"53,53,42,42"
"88,88,64,64"
"129,129,102,102"
"51,51,39,39"
"61,61,43,43"
"116,116,98,98"
"130,130,94,94"
"49,49,39,39"
"61,61,42,42"
"114,114,74,74"
"47,47,32,32"
"60,60,40,40"
"60,60,45,45"
"106,106,72,72"
"55,55,41,41"
"89,89,60,60"
"89,89,65,65"
"81,81,55,55"
"122,122,82,82"
"98,98,67,67"
"59,59,42,42"
"75,75,60,60"
"98,98,65,65"
"98,98,66,66"
"89,89,66,66"
"193,193,146,146"
"44,44,32,32"
"64,64,42,42"
"82,82,58,58"
"150,150,118,118"
"76,76,46,46"
"56,56,39,39"
"132,132,100,100"
"65,65,42,42"
"53,53,41,41"
"109,109,87,87"
"62,62,43,43"
"53,53,40,40"
"97,97,76,76"
"137,137,98,98"
"167,167,128,128"
"243,243,115,115"
"56,56,40,40"
"83,83,65,65"
"107,107,75,75"
"144,144,114,114"
"52,52,39,39"
"74,74,61,61"
"96,96,69,69"
"117,117,90,90"
"136,136,104,104"
"151,151,73,73"
"52,52,39,39"
"67,67,53,53"
"81,81,64,64"
"109,109,79,79"
"97,97,77,77"
"48,48,33,33"
"73,73,52,52"
"59,59,45,45"
"98,98,66,66"
"90,90,66,66"
"149,149,61,61"
"149,149,68,68"
"149,149,127,127"
"196,196,60,60"
"196,196,66,66"
"196,196,70,70"
"64,64,40,40"
"76,76,59,59"
"57,57,45,45"
"83,83,56,56"
"136,136,108,108"
"51,51,36,36"
"72,72,46,46"
"58,58,42,42"
"60,60,45,45"
"110,110,88,88"
"60,60,44,44"
"50,50,39,39"
"65,65,44,44"
"56,56,40,40"
"98,98,75,75"
"49,49,39,39"
"57,57,42,42"
"58,58,43,43"
"58,58,41,41"
"83,83,64,64"
"89,89,66,66"
"52,52,37,37"
"52,52,37,37"
"58,58,43,43"
"76,76,60,60"
"56,56,41,41"
"55,55,39,39"
"54,54,41,41"
"66,66,51,51"
"89,89,56,56"
"47,47,34,34"
"49,49,39,39"
"58,58,44,44"
"46,46,33,33"
"50,50,38,38"
"57,57,45,45"
"135,135,40,40"
"135,135,81,81"
"55,55,41,41"
"53,53,36,36"
"125,125,65,65"
"125,125,86,86"
"52,52,39,39"
"53,53,36,36"
"103,103,64,64"
"103,103,63,63"
"93,93,70,70"
"50,50,39,39"
"96,96,63,63"
"128,128,101,101"
"55,55,40,40"
"99,99,69,69"
"83,83,60,60"
"52,52,36,36"
"81,81,63,63"
"86,86,66,66"
"89,89,42,42"
"151,151,87,87"
"151,151,96,96"
"174,174,40,40"
"174,174,134,134"
"47,47,33,33"
"73,73,61,61"
"72,72,47,47"
"152,152,41,41"
"152,152,116,116"
"138,138,62,62"
"138,138,77,77"
"138,138,109,109"
"65,65,43,43"
"113,113,70,70"
"113,113,91,91"
"89,89,50,50"
"89,89,71,71"
"140,140,108,108"
"44,44,32,32"
"57,57,42,42"
"69,69,44,44"
"110,110,73,73"
"116,116,95,95"
"60,60,41,41"
"90,90,61,61"
"55,55,41,41"
"89,89,43,43"
"52,52,37,37"
"69,69,42,42"
"77,77,60,60"
"145,145,110,110"
"98,98,79,79"
"67,67,44,44"
"61,61,42,42"
"118,118,92,92"
"61,61,43,43"
"60,60,45,45"
"111,111,86,86"
"139,139,40,40"
"63,63,42,42"
"113,113,81,81"
"55,55,39,39"
"146,146,117,117"
"116,116,78,78"
"52,52,36,36"
"114,114,87,87"
"44,44,28,28"
"58,58,40,40"
"91,91,62,62"
"59,59,43,43"
"75,75,52,52"
"42,42,30,30"
"63,63,42,42"
"58,58,43,43"
"147,147,109,109"
"42,42,30,30"
"57,57,43,43"
"63,63,41,41"
"118,118,81,81"
"54,54,40,40"
"53,53,31,31"
"96,96,67,67"
"52,52,38,38"
"81,81,62,62"
"53,53,37,37"
"125,125,39,39"
"125,125,95,95"
"67,67,50,50"
"53,53,33,33"
"62,62,42,42"
"103,103,81,81"
"49,49,34,34"
"60,60,42,42"
"89,89,66,66"
"57,57,42,42"
"76,76,60,60"
"62,62,42,42"
"56,56,40,40"
"49,49,38,38"
"52,52,39,39"
"135,135,104,104"
"89,89,42,42"
"53,53,40,40"
"110,110,81,81"
"134,134,113,113"
"151,151,53,53"
"196,196,64,64"
"196,196,133,133"
"79,79,46,46"
"88,88,67,67"
"132,132,107,107"
"71,71,56,56"
"104,104,84,84"
"60,60,46,46"
"53,53,40,40"
"88,88,68,68"
"138,138,106,106"
"57,57,43,43"
"73,73,59,59"
"105,105,77,77"
"50,50,39,39"
"64,64,44,44"
"80,80,41,41"
"80,80,65,65"
"116,116,42,42"
"116,116,70,70"
"53,53,39,39"
"58,58,44,44"
"56,56,41,41"
"60,60,45,45"
"50,50,38,38"
"56,56,41,41"
"48,48,34,34"
"51,51,38,38"
"53,53,37,37"
"79,79,41,41"
"79,79,63,63"
"151,151,61,61"
"151,151,61,61"
"56,56,35,35"
"142,142,58,58"
"142,142,111,111"
"63,63,42,42"
"113,113,81,81"
"55,55,39,39"
"146,146,117,117"
"116,116,78,78"
"52,52,36,36"
"114,114,87,87"
"44,44,28,28"
"58,58,40,40"
"91,91,62,62"
"75,75,52,52"
"59,59,43,43"
"42,42,30,30"
"63,63,42,42"
"58,58,43,43"
"147,147,109,109"
"42,42,30,30"
"63,63,41,41"
"57,57,43,43"
"118,118,81,81"
"54,54,40,40"
"53,53,31,31"
"96,96,67,67"
"52,52,38,38"
"81,81,62,62"
"53,53,37,37"
"125,125,39,39"
"125,125,95,95"
"67,67,50,50"
"53,53,33,33"
"62,62,42,42"
"103,103,81,81"
"49,49,34,34"
"60,60,42,42"
"89,89,66,66"
"76,76,60,60"
"57,57,42,42"
"62,62,42,42"
"56,56,40,40"
"49,49,38,38"
"52,52,39,39"
"135,135,104,104"
"89,89,42,42"
"53,53,40,40"
"110,110,81,81"
"134,134,113,113"
"151,151,53,53"
"196,196,64,64"
"196,196,133,133"
"79,79,46,46"
"88,88,67,67"
"132,132,107,107"
"71,71,56,56"
"104,104,84,84"
"60,60,46,46"
"53,53,40,40"
"88,88,68,68"
"138,138,106,106"
"57,57,43,43"
"73,73,59,59"
"105,105,77,77"
"50,50,39,39"
"64,64,44,44"
"80,80,41,41"
"80,80,65,65"
"116,116,42,42"
"116,116,70,70"
"58,58,44,44"
"53,53,39,39"
"63,63,42,42"
"113,113,81,81"
"55,55,39,39"
"146,146,117,117"
"116,116,78,78"
"52,52,36,36"
"114,114,87,87"
"44,44,28,28"
"58,58,40,40"
"91,91,62,62"
"88,88,62,62"
"53,53,38,38"
"131,131,89,89"
"50,50,38,38"
"55,55,40,40"
"174,174,63,63"
"174,174,105,105"
"174,174,147,147"
"51,51,39,39"
"55,55,41,41"
"53,53,38,38"
"54,54,41,41"
"51,51,37,37"
"60,60,44,44"
"56,56,42,42"
"54,54,40,40"
"66,66,49,49"
"50,50,39,39"
"59,59,43,43"
"76,76,57,57"
"74,74,48,48"
"60,60,44,44"
"66,66,47,47"
"79,79,65,65"
"116,116,62,62"
"116,116,68,68"
"68,68,53,53"
"67,67,48,48"
"98,98,74,74"
"151,151,87,87"
"151,151,72,72"
"51,51,37,37"
"74,74,51,51"
"118,118,96,96"
"88,88,62,62"
"53,53,38,38"
"131,131,89,89"
"50,50,38,38"
"55,55,40,40"
"174,174,63,63"
"174,174,105,105"
"174,174,147,147"
"51,51,39,39"
"55,55,41,41"
"53,53,38,38"
"54,54,41,41"
"51,51,37,37"
"60,60,44,44"
"56,56,42,42"
"54,54,40,40"
"66,66,49,49"
"50,50,39,39"
"59,59,43,43"
"76,76,57,57"
"74,74,48,48"
"60,60,44,44"
"66,66,47,47"
"79,79,65,65"
"116,116,62,62"
"116,116,68,68"
"67,67,48,48"
"68,68,53,53"
"98,98,74,74"
"151,151,87,87"
"151,151,72,72"
"51,51,37,37"
"74,74,51,51"
"118,118,96,96"
"79,79,65,65"
"53,53,39,39"
"97,97,65,65"
"164,164,136,136"
"44,44,31,31"
"53,53,41,41"
"85,85,65,65"
"69,69,45,45"
"116,116,78,78"
"50,50,36,36"
"58,58,42,42"
"96,96,77,77"
"151,151,40,40"
"151,151,62,62"
"151,151,91,91"
"50,50,37,37"
"106,106,89,89"
"53,53,40,40"
"75,75,40,40"
"75,75,60,60"
"128,128,103,103"
"58,58,43,43"
"84,84,49,49"
"153,153,123,123"
"48,48,34,34"
"62,62,45,45"
"116,116,54,54"
"116,116,88,88"
"174,174,134,134"
"50,50,38,38"
"67,67,47,47"
"138,138,69,69"
"240,240,208,208"
"50,50,38,38"
"75,75,54,54"
"63,63,42,42"
"113,113,81,81"
"55,55,39,39"
"146,146,117,117"
"116,116,78,78"
"52,52,36,36"
"114,114,87,87"
"44,44,28,28"
"58,58,40,40"
"91,91,62,62"
"75,75,52,52"
"59,59,43,43"
"42,42,30,30"
"63,63,42,42"
"58,58,43,43"
"147,147,109,109"
"42,42,30,30"
"63,63,41,41"
"57,57,43,43"
"118,118,81,81"
"54,54,40,40"
"53,53,31,31"
"96,96,67,67"
"52,52,38,38"
"81,81,62,62"
"53,53,37,37"
"125,125,39,39"
"125,125,95,95"
"67,67,50,50"
"53,53,33,33"
"62,62,42,42"
"103,103,81,81"
"49,49,34,34"
"60,60,42,42"
"89,89,66,66"
"76,76,60,60"
"57,57,42,42"
"62,62,42,42"
"56,56,40,40"
"88,88,62,62"
"53,53,38,38"
"131,131,89,89"
"50,50,38,38"
"55,55,40,40"
"174,174,63,63"
"174,174,105,105"
"174,174,147,147"
"51,51,39,39"
"55,55,41,41"
"53,53,38,38"
"54,54,41,41"
"51,51,37,37"
"60,60,44,44"
"56,56,42,42"
"54,54,40,40"
"66,66,49,49"
"50,50,39,39"
"59,59,43,43"
"76,76,57,57"
"74,74,48,48"
"60,60,44,44"
"66,66,47,47"
"79,79,65,65"
"116,116,62,62"
"116,116,68,68"
"68,68,53,53"
"67,67,48,48"
"98,98,74,74"
"151,151,87,87"
"151,151,72,72"
"51,51,37,37"
"74,74,51,51"
"118,118,96,96"
"53,53,39,39"
"79,79,65,65"
"97,97,65,65"
"164,164,136,136"
"44,44,31,31"
"53,53,41,41"
"85,85,65,65"
"69,69,45,45"
"116,116,78,78"
"50,50,36,36"
"58,58,42,42"
"96,96,77,77"
"151,151,40,40"
"151,151,62,62"
"151,151,91,91"
"50,50,37,37"
"106,106,89,89"
"53,53,40,40"
"75,75,40,40"
"75,75,60,60"
"128,128,103,103"
"58,58,43,43"
"84,84,49,49"
"153,153,123,123"
"48,48,34,34"
"62,62,45,45"
"116,116,54,54"
"116,116,88,88"
"174,174,134,134"
"50,50,38,38"
"67,67,47,47"
"138,138,69,69"
"240,240,208,208"
"50,50,38,38"
"75,75,54,54"
"59,59,43,43"
"83,83,63,63"
"61,61,45,45"
"99,99,76,76"
"72,72,54,54"
"115,115,86,86"
"45,45,30,30"
"81,81,66,66"
"127,127,52,52"
"127,127,105,105"
"48,48,32,32"
"49,49,37,37"
"104,104,84,84"
"180,180,64,64"
"180,180,139,139"
"48,48,34,34"
"47,47,33,33"
"129,129,40,40"
"129,129,104,104"
"52,52,38,38"
"52,52,37,37"
"216,216,167,167"
"54,54,41,41"
"56,56,41,41"
"57,57,43,43"
"63,63,45,45"
"53,53,35,35"
"46,46,34,34"
"49,49,39,39"
"59,59,44,44"
"61,61,46,46"
"49,49,36,36"
"51,51,39,39"
"66,66,45,45"
"74,74,52,52"
"53,53,40,40"
"56,56,42,42"
"74,74,56,56"
"82,82,57,57"
"57,57,43,43"
"61,61,43,43"
"92,92,63,63"
"82,82,62,62"
"60,60,43,43"
"119,119,85,85"
"68,68,52,52"
"99,99,42,42"
"99,99,69,69"
"64,64,45,45"
"74,74,57,57"
"116,116,85,85"
"196,196,170,170"
"89,89,64,64"
"75,75,51,51"
"145,145,113,113"
"100,100,73,73"
"90,90,67,67"
"125,125,91,91"
"128,128,39,39"
"128,128,102,102"
"147,147,117,117"
"50,50,39,39"
"58,58,45,45"
"71,71,56,56"
"75,75,43,43"
"75,75,62,62"
"123,123,35,35"
"123,123,102,102"
"54,54,40,40"
"55,55,41,41"
"80,80,63,63"
"62,62,40,40"
"62,62,51,51"
"85,85,65,65"
"63,63,40,40"
"59,59,41,41"
"62,62,47,47"
"79,79,66,66"
"103,103,38,38"
"103,103,85,85"
"73,73,54,54"
"74,74,53,53"
"74,74,39,39"
"101,101,39,39"
"101,101,66,66"
"101,101,83,83"
"147,147,99,99"
"135,135,40,40"
"135,135,40,40"
"135,135,114,114"
"103,103,64,64"
"82,82,64,64"
"143,143,39,39"
"143,143,40,40"
"143,143,121,121"
"49,49,38,38"
"82,82,66,66"
"104,104,64,64"
"104,104,91,91"
"55,55,42,42"
"103,103,39,39"
"103,103,86,86"
"59,59,43,43"
"116,116,93,93"
"128,128,42,42"
"128,128,104,104"
"50,50,39,39"
"63,63,45,45"
"57,57,44,44"
"76,76,53,53"
"65,65,40,40"
"65,65,51,51"
"88,88,59,59"
"78,78,52,52"
"69,69,42,42"
"106,106,55,55"
"106,106,39,39"
"58,58,44,44"
"51,51,37,37"
"98,98,68,68"
"55,55,39,39"
"60,60,46,46"
"134,134,40,40"
"134,134,85,85"
"49,49,38,38"
"54,54,40,40"
"74,74,60,60"
"54,54,43,43"
"70,70,45,45"
"87,87,70,70"
"59,59,46,46"
"55,55,42,42"
"53,53,41,41"
"71,71,55,55"
"75,75,62,62"
"116,116,68,68"
"116,116,68,68"
"144,144,122,122"
"57,57,44,44"
"62,62,48,48"
"86,86,67,67"
"89,89,60,60"
"70,70,51,51"
"77,77,55,55"
"93,93,71,71"
"48,48,33,33"
"60,60,44,44"
"80,80,65,65"
"88,88,71,71"
"114,114,94,94"
"56,56,41,41"
"61,61,44,44"
"53,53,41,41"
"98,98,62,62"
"98,98,82,82"
"153,153,42,42"
"153,153,42,42"
"153,153,122,122"
"135,135,113,113"
"64,64,45,45"
"51,51,39,39"
"73,73,55,55"
"132,132,44,44"
"132,132,112,112"
"116,116,62,62"
"70,70,49,49"
"79,79,59,59"
"64,64,45,45"
"51,51,39,39"
"52,52,39,39"
"65,65,47,47"
"69,69,43,43"
"88,88,66,66"
"89,89,58,58"
"57,57,45,45"
"57,57,45,45"
"78,78,61,61"
"104,104,41,41"
"112,112,92,92"
"65,65,41,41"
"63,63,46,46"
"85,85,65,65"
"81,81,59,59"
"78,78,61,61"
"51,51,37,37"
"89,89,61,61"
"99,99,72,72"
"53,53,42,42"
"129,129,84,84"
"133,133,92,92"
"63,63,45,45"
"53,53,42,42"
"58,58,44,44"
"63,63,44,44"
"70,70,51,51"
"75,75,61,61"
"77,77,42,42"
"77,77,62,62"
"50,50,39,39"
"58,58,45,45"
"71,71,56,56"
"75,75,43,43"
"75,75,62,62"
"123,123,35,35"
"123,123,102,102"
"54,54,40,40"
"55,55,41,41"
"80,80,63,63"
"62,62,40,40"
"62,62,51,51"
"85,85,65,65"
"63,63,40,40"
"59,59,41,41"
"62,62,47,47"
"79,79,66,66"
"103,103,38,38"
"103,103,85,85"
"74,74,53,53"
"74,74,39,39"
"73,73,54,54"
"101,101,39,39"
"101,101,66,66"
"101,101,83,83"
"147,147,99,99"
"135,135,40,40"
"135,135,40,40"
"135,135,114,114"
"103,103,64,64"
"82,82,64,64"
"143,143,39,39"
"143,143,40,40"
"143,143,121,121"
"49,49,38,38"
"82,82,66,66"
"104,104,64,64"
"104,104,91,91"
"55,55,42,42"
"103,103,39,39"
"103,103,86,86"
"59,59,43,43"
"116,116,93,93"
"128,128,42,42"
"128,128,104,104"
"50,50,39,39"
"63,63,45,45"
"57,57,44,44"
"76,76,53,53"
"65,65,40,40"
"65,65,51,51"
"88,88,59,59"
"78,78,52,52"
"69,69,42,42"
"106,106,55,55"
"106,106,39,39"
"58,58,44,44"
"51,51,37,37"
"98,98,68,68"
"55,55,39,39"
"60,60,46,46"
"134,134,40,40"
"134,134,85,85"
"49,49,38,38"
"54,54,40,40"
"74,74,60,60"
"54,54,43,43"
"70,70,45,45"
"87,87,70,70"
"59,59,46,46"
"55,55,42,42"
"53,53,41,41"
"71,71,55,55"
"75,75,62,62"
"116,116,68,68"
"116,116,68,68"
"144,144,122,122"
"62,62,48,48"
"57,57,44,44"
"86,86,67,67"
"89,89,60,60"
"70,70,51,51"
"77,77,55,55"
"93,93,71,71"
"48,48,33,33"
"60,60,44,44"
"80,80,65,65"
"88,88,71,71"
"114,114,94,94"
"56,56,41,41"
"61,61,44,44"
"53,53,41,41"
"98,98,62,62"
"98,98,82,82"
"153,153,42,42"
"153,153,42,42"
"153,153,122,122"
"135,135,113,113"
"64,64,45,45"
"51,51,39,39"
"73,73,55,55"
"116,116,62,62"
"132,132,44,44"
"132,132,112,112"
"70,70,49,49"
"64,64,45,45"
"79,79,59,59"
"51,51,39,39"
"52,52,39,39"
"65,65,47,47"
"69,69,43,43"
"88,88,66,66"
"89,89,58,58"
"57,57,45,45"
"57,57,45,45"
"78,78,61,61"
"104,104,41,41"
"112,112,92,92"
"65,65,41,41"
"63,63,46,46"
"85,85,65,65"
"81,81,59,59"
"78,78,61,61"
"51,51,37,37"
"89,89,61,61"
"99,99,72,72"
"53,53,42,42"
"129,129,84,84"
"133,133,92,92"
"34,34,28,28"
"48,48,38,38"
"63,63,51,51"
"112,112,82,82"
"127,127,71,71"
"127,127,85,85"
"88,88,65,65"
"56,56,43,43"
"110,110,75,75"
"35,35,27,27"
"54,54,38,38"
"85,85,58,58"
"56,56,33,33"
"88,88,70,70"
"45,45,34,34"
"76,76,58,58"
"53,53,29,29"
"55,55,50,50"
"45,45,33,33"
"147,147,102,102"
"56,56,46,46"
"43,43,32,32"
"69,69,53,53"
"115,115,83,83"
"39,39,29,29"
"57,57,48,48"
"55,55,43,43"
"94,94,68,68"
"53,53,31,31"
"58,58,46,46"
"41,41,34,34"
"44,44,32,32"
"129,129,103,103"
"79,79,61,61"
"57,57,45,45"
"43,43,35,35"
"100,100,76,76"
"68,68,54,54"
"55,55,39,39"
"87,87,70,70"
"31,31,27,27"
"47,47,28,28"
"61,61,51,51"
"51,51,39,39"
"74,74,59,59"
"31,31,26,26"
"60,60,49,49"
"51,51,37,37"
"56,56,44,44"
"51,51,35,35"
"62,62,54,54"
"49,49,35,35"
"50,50,39,39"
"138,138,91,91"
"63,63,52,52"
"48,48,41,41"
"156,156,132,132"
"132,132,110,110"
"55,55,28,28"
"42,42,37,37"
"112,112,85,85"
"64,64,53,53"
"131,131,94,94"
"48,48,33,33"
"90,90,71,71"
"75,75,49,49"
"72,72,59,59"
"107,107,84,84"
"134,134,94,94"
"91,91,71,71"
"37,37,30,30"
"57,57,32,32"
"59,59,51,51"
"74,74,61,61"
"112,112,82,82"
"57,57,49,49"
"55,55,29,29"
"55,55,50,50"
"35,35,30,30"
"79,79,67,67"
"134,134,70,70"
"134,134,82,82"
"53,53,46,46"
"63,63,53,53"
"62,62,51,51"
"50,50,39,39"
"63,63,55,55"
"57,57,48,48"
"59,59,51,51"
"50,50,40,40"
"89,89,55,55"
"52,52,42,42"
"57,57,47,47"
"51,51,42,42"
"50,50,40,40"
"47,47,36,36"
"90,90,74,74"
"55,55,44,44"
"35,35,27,27"
"50,50,35,35"
"80,80,66,66"
"49,49,38,38"
"51,51,42,42"
"57,57,47,47"
"87,87,66,66"
"55,55,45,45"
"82,82,60,60"
"34,34,27,27"
"128,128,118,118"
"125,125,114,114"
"66,66,52,52"
"61,61,53,53"
"34,34,26,26"
"69,69,52,52"
"53,53,45,45"
"48,48,35,35"
"93,93,69,69"
"147,147,121,121"
"59,59,50,50"
"82,82,69,69"
"50,50,25,25"
"76,76,61,61"
"53,53,45,45"
"31,31,25,25"
"31,31,26,26"
"34,34,27,27"
"39,39,32,32"
"47,47,36,36"
"50,50,29,29"
"79,79,68,68"
"79,79,30,30"
"79,79,34,34"
"97,97,81,81"
"61,61,50,50"
"58,58,48,48"
"52,52,39,39"
"60,60,50,50"
"100,100,81,81"
"31,31,25,25"
"31,31,25,25"
"55,55,37,37"
"37,37,27,27"
"66,66,56,56"
"51,51,43,43"
"46,46,34,34"
"44,44,32,32"
"65,65,53,53"
"45,45,33,33"
"113,113,99,99"
"151,151,115,115"
"52,52,37,37"
"31,31,25,25"
"77,77,58,58"
"52,52,28,28"
"40,40,29,29"
"48,48,34,34"
"49,49,37,37"
"52,52,44,44"
"41,41,28,28"
"31,31,26,26"
"31,31,24,24"
"61,61,52,52"
"31,31,27,27"
"34,34,28,28"
"85,85,70,70"
"70,70,59,59"
"52,52,39,39"
"76,76,59,59"
"32,32,25,25"
"31,31,26,26"
"31,31,25,25"
"49,49,32,32"
"53,53,46,46"
"88,88,63,63"
"46,46,35,35"
"47,47,39,39"
"53,53,40,40"
"117,117,84,84"
"50,50,41,41"
"56,56,44,44"
"169,169,143,143"
"51,51,42,42"
"53,53,48,48"
"59,59,48,48"
"55,55,47,47"
"52,52,40,40"
"61,61,50,50"
"56,56,48,48"
"54,54,48,48"
"64,64,53,53"
"61,61,50,50"
"58,58,51,51"
"77,77,61,61"
"60,60,52,52"
"85,85,68,68"
"65,65,54,54"
"36,36,30,30"
"106,106,81,81"
"53,53,34,34"
"53,53,49,49"
"69,69,54,54"
"65,65,55,55"
"120,120,93,93"
"95,95,87,87"
"57,57,41,41"
"71,71,59,59"
"77,77,59,59"
"37,37,32,32"
"49,49,41,41"
"80,80,63,63"
"169,169,143,143"
"116,116,108,108"
"86,86,64,64"
"41,41,33,33"
"94,94,77,77"
"50,50,43,43"
"69,69,53,53"
"208,208,180,180"
"83,83,67,67"
"50,50,36,36"
"129,129,97,97"
"62,62,51,51"
"93,93,75,75"
"108,108,85,85"
"49,49,38,38"
"60,60,52,52"
"207,207,176,176"
"36,36,30,30"
"128,128,100,100"
"55,55,45,45"
"79,79,57,57"
"40,40,31,31"
"88,88,59,59"
"148,148,114,114"
"59,59,49,49"
"47,47,37,37"
"106,106,66,66"
"176,176,142,142"
"61,61,52,52"
"62,62,51,51"
"51,51,39,39"
"149,149,84,84"
"230,230,187,187"
"67,67,54,54"
"53,53,42,42"
"73,73,58,58"
"81,81,63,63"
"59,59,49,49"
"94,94,75,75"
"61,61,52,52"
"41,41,31,31"
"118,118,88,88"
"72,72,58,58"
"42,42,33,33"
"45,45,34,34"
"130,130,102,102"
"60,60,52,52"
"82,82,68,68"
"46,46,34,34"
"106,106,85,85"
"184,184,143,143"
"48,48,34,34"
"71,71,63,63"
"48,48,37,37"
"132,132,109,109"
"89,89,78,78"
"89,89,65,65"
"46,46,36,36"
"34,34,28,28"
"36,36,31,31"
"53,53,41,41"
"54,54,41,41"
"190,190,149,149"
"41,41,31,31"
"54,54,43,43"
"56,56,45,45"
"42,42,32,32"
"47,47,38,38"
"59,59,48,48"
"57,57,46,46"
"47,47,36,36"
"50,50,40,40"
"61,61,51,51"
"59,59,48,48"
"50,50,38,38"
"52,52,42,42"
"65,65,54,54"
"70,70,57,57"
"80,80,62,62"
"53,53,41,41"
"59,59,49,49"
"73,73,58,58"
"84,84,64,64"
"90,90,65,65"
"61,61,50,50"
"59,59,45,45"
"113,113,83,83"
"97,97,53,53"
"97,97,73,73"
"60,60,48,48"
"67,67,54,54"
"194,194,165,165"
"116,116,86,86"
"53,53,50,50"
"73,73,59,59"
"66,66,52,52"
"86,86,66,66"
"75,75,57,57"
"142,142,109,109"
"69,69,59,59"
"99,99,76,76"
"85,85,64,64"
"216,216,165,165"
"133,133,107,107"
"121,121,91,91"
"135,135,84,84"
"135,135,105,105"
"146,146,111,111"
"39,39,29,29"
"46,46,34,34"
"51,51,41,41"
"53,53,41,41"
"53,53,51,51"
"59,59,46,46"
"89,89,54,54"
"89,89,56,56"
"57,57,45,45"
"63,63,48,48"
"31,31,25,25"
"69,69,62,62"
"69,69,54,54"
"35,35,27,27"
"68,68,55,55"
"41,41,28,28"
"89,89,78,78"
"87,87,63,63"
"40,40,30,30"
"91,91,65,65"
"31,31,26,26"
"104,104,76,76"
"47,47,34,34"
"31,31,26,26"
"112,112,84,84"
"50,50,35,35"
"134,134,114,114"
"34,34,28,28"
"129,129,97,97"
"151,151,135,135"
"55,55,42,42"
"36,36,30,30"
"41,41,30,30"
"60,60,47,47"
"41,41,29,29"
"36,36,29,29"
"64,64,53,53"
"221,221,170,170"
"73,73,58,58"
"45,45,32,32"
"38,38,30,30"
"86,86,65,65"
"46,46,34,34"
"48,48,36,36"
"97,97,68,68"
"51,51,39,39"
"52,52,39,39"
"155,155,111,111"
"52,52,40,40"
"56,56,44,44"
"56,56,43,43"
"62,62,52,52"
"70,70,56,56"
"58,58,48,48"
"81,81,64,64"
"62,62,51,51"
"104,104,81,81"
"68,68,55,55"
"77,77,63,63"
"116,116,101,101"
"178,178,139,139"
"90,90,68,68"
"99,99,73,73"
"117,117,85,85"
"117,117,79,79"
"148,148,113,113"
"163,163,138,138"
"154,154,91,91"
"154,154,55,55"
"129,129,112,112"
"69,69,57,57"
"263,263,155,155"
"143,143,83,83"
"270,270,144,144"
"270,270,242,242"
"168,168,142,142"
"141,141,122,122"
"141,141,56,56"
"67,67,59,59"
"213,213,172,172"
"371,371,175,175"
"371,371,54,54"
"371,371,55,55"
"371,371,57,57"
"371,371,81,81"
"152,152,88,88"
"165,165,136,136"
"75,75,63,63"
"67,67,58,58"
"218,218,184,184"
"218,218,92,92"
"174,174,143,143"
"174,174,67,67"
"171,171,97,97"
"389,389,231,231"
"69,69,61,61"
"89,89,73,73"
"58,58,50,50"
"77,77,61,61"
"116,116,73,73"
"89,89,75,75"
"211,211,174,174"
"211,211,106,106"
"186,186,157,157"
"166,166,134,134"
"124,124,69,69"
"124,124,93,93"
"212,212,174,174"
"225,225,195,195"
"225,225,104,104"
"221,221,54,54"
"221,221,166,166"
"221,221,113,113"
"266,266,222,222"
"118,118,71,71"
"118,118,84,84"
"233,233,206,206"
"233,233,76,76"
"233,233,58,58"
"331,331,73,73"
"331,331,201,201"
"196,196,178,178"
"137,137,39,39"
"137,137,98,98"
"249,249,52,52"
"249,249,136,136"
"72,72,67,67"
"311,311,246,246"
"161,161,116,116"
"86,86,71,71"
"159,159,113,113"
"100,100,80,80"
"185,185,140,140"
"116,116,91,91"
"206,206,171,171"
"226,226,152,152"
"226,226,69,69"
"117,117,95,95"
"116,116,95,95"
"219,219,163,163"
"128,128,103,103"
"133,133,50,50"
"133,133,107,107"
"81,81,55,55"
"196,196,126,126"
"146,146,59,59"
"146,146,116,116"
"116,116,74,74"
"116,116,39,39"
"116,116,93,93"
"116,116,57,57"
"89,89,58,58"
"152,152,60,60"
"152,152,125,125"
"108,108,83,83"
"137,137,59,59"
"137,137,64,64"
"172,172,141,141"
"172,172,61,61"
"91,91,74,74"
"127,127,98,98"
"145,145,51,51"
"145,145,71,71"
"145,145,58,58"
"89,89,71,71"
"104,104,87,87"
"136,136,108,108"
"158,158,62,62"
"158,158,96,96"
"153,153,67,67"
"203,203,144,144"
"203,203,64,64"
"203,203,69,69"
"102,102,81,81"
"120,120,93,93"
"147,147,113,113"
"53,53,50,50"
"218,218,148,148"
"218,218,103,103"
"218,218,72,72"
"218,218,74,74"
"112,112,88,88"
"129,129,101,101"
"156,156,116,116"
"91,91,74,74"
"58,58,52,52"
"169,169,83,83"
"169,169,119,119"
"242,242,192,192"
"242,242,100,100"
"242,242,86,86"
"242,242,79,79"
"118,118,93,93"
"65,65,58,58"
"125,125,100,100"
"96,96,54,54"
"102,102,76,76"
"146,146,113,113"
"171,171,134,134"
"69,69,59,59"
"64,64,56,56"
"130,130,99,99"
"274,274,26,26"
"274,274,143,143"
"89,89,62,62"
"112,112,79,79"
"143,143,105,105"
"187,187,143,143"
"158,158,129,129"
"559,559,382,382"
"559,559,237,237"
"559,559,70,70"
"559,559,144,144"
"559,559,58,58"
"101,101,69,69"
"146,146,116,116"
"119,119,83,83"
"181,181,158,158"
"181,181,95,95"
"164,164,114,114"
"255,255,35,35"
"255,255,139,139"
"255,255,215,215"
"255,255,114,114"
"282,282,213,213"
"255,255,143,143"
"255,255,62,62"
"559,559,166,166"
"559,559,489,489"
"559,559,207,207"
"559,559,93,93"
"559,559,81,81"
"110,110,72,72"
"151,151,120,120"
"114,114,58,58"
"114,114,92,92"
"132,132,57,57"
"132,132,78,78"
"132,132,64,64"
"129,129,103,103"
"210,210,175,175"
"138,138,105,105"
"207,207,162,162"
"141,141,66,66"
"141,141,80,80"
"53,53,50,50"
"161,161,116,116"
"148,148,85,85"
"148,148,74,74"
"71,71,58,58"
"150,150,116,116"
"150,150,73,73"
"112,112,55,55"
"112,112,95,95"
"90,90,64,64"
"89,89,61,61"
"193,193,163,163"
"193,193,54,54"
"193,193,90,90"
"87,87,43,43"
"162,162,117,117"
"162,162,84,84"
"219,219,182,182"
"106,106,72,72"
"92,92,63,63"
"104,104,86,86"
"118,118,79,79"
"118,118,57,57"
"139,139,120,120"
"249,249,204,204"
"249,249,110,110"
"105,105,77,77"
"113,113,96,96"
"119,119,78,78"
"87,87,64,64"
"113,113,84,84"
"118,118,84,84"
"133,133,92,92"
"131,131,94,94"
"103,103,79,79"
"145,145,101,101"
"145,145,56,56"
"140,140,102,102"
"134,134,108,108"
"155,155,113,113"
"143,143,117,117"
"158,158,103,103"
"125,125,102,102"
"158,158,128,128"
"89,89,74,74"
"165,165,122,122"
"141,141,115,115"
"211,211,157,157"
"115,115,89,89"
"161,161,58,58"
"161,161,119,119"
"158,158,126,126"
"158,158,77,77"
"194,194,155,155"
"130,130,104,104"
"175,175,98,98"
"175,175,118,118"
"204,204,146,146"
"204,204,56,56"
"211,211,169,169"
"141,141,108,108"
"200,200,136,136"
"200,200,118,118"
"41,41,28,28"
"52,52,44,44"
"145,145,117,117"
"152,152,113,113"
"212,212,182,182"
"85,85,64,64"
"159,159,120,120"
"102,102,82,82"
"178,178,142,142"
"109,109,86,86"
"170,170,152,152"
"114,114,93,93"
"79,79,56,56"
"89,89,72,72"
"122,122,91,91"
"129,129,97,97"
"103,103,80,80"
"89,89,65,65"
"91,91,65,65"
"142,142,105,105"
"104,104,84,84"
"100,100,63,63"
"100,100,74,74"
"151,151,123,123"
"104,104,80,80"
"112,112,85,85"
"110,110,75,75"
"109,109,83,83"
"166,166,138,138"
"125,125,83,83"
"125,125,60,60"
"126,126,101,101"
"182,182,154,154"
"130,130,106,106"
"136,136,95,95"
"116,116,92,92"
"146,146,117,117"
"140,140,102,102"
"140,140,102,102"
"211,211,67,67"
"211,211,169,169"
"122,122,94,94"
"138,138,109,109"
"130,130,102,102"
"157,157,130,130"
"158,158,121,121"
"199,199,82,82"
"199,199,165,165"
"168,168,146,146"
"214,214,168,168"
"85,85,73,73"
"53,53,48,48"
"89,89,69,69"
"125,125,104,104"
"114,114,99,99"
"59,59,51,51"
"72,72,59,59"
"75,75,60,60"
"81,81,60,60"
"54,54,49,49"
"62,62,54,54"
"54,54,43,43"
"85,85,67,67"
"64,64,53,53"
"77,77,64,64"
"105,105,83,83"
"63,63,53,53"
"125,125,104,104"
"114,114,99,99"
"59,59,51,51"
"72,72,59,59"
"75,75,60,60"
"81,81,60,60"
"54,54,49,49"
"62,62,54,54"
"54,54,43,43"
"85,85,67,67"
"64,64,53,53"
"77,77,64,64"
"105,105,83,83"
"63,63,53,53"
"71,71,58,58"
"137,137,121,121"
"62,62,53,53"
"128,128,87,87"
"101,101,86,86"
"78,78,62,62"
"100,100,63,63"
"74,74,61,61"
"47,47,42,42"
"81,81,66,66"
"137,137,125,125"
"80,80,65,65"
"50,50,41,41"
"243,243,84,84"
"243,243,84,84"
"86,86,70,70"
"84,84,69,69"
"59,59,48,48"
"101,101,82,82"
"89,89,80,80"
"89,89,54,54"
"129,129,104,104"
"59,59,49,49"
"89,89,67,67"
"69,69,28,28"
"69,69,51,51"
"69,69,64,64"
"50,50,41,41"
"61,61,53,53"
"70,70,60,60"
"59,59,51,51"
"116,116,59,59"
"116,116,64,64"
"66,66,54,54"
"90,90,67,67"
"78,78,63,63"
"88,88,68,68"
"151,151,88,88"
"55,55,43,43"
"56,56,46,46"
"86,86,65,65"
"44,44,37,37"
"131,131,84,84"
"61,61,48,48"
"116,116,60,60"
"60,60,51,51"
"56,56,43,43"
"89,89,55,55"
"49,49,43,43"
"74,74,60,60"
"70,70,57,57"
"88,88,70,70"
"54,54,47,47"
"89,89,52,52"
"61,61,53,53"
"59,59,51,51"
"89,89,55,55"
"116,116,100,100"
"52,52,44,44"
"57,57,49,49"
"71,71,58,58"
"116,116,66,66"
"116,116,69,69"
"87,87,60,60"
"140,140,119,119"
"76,76,58,58"
"66,66,54,54"
"87,87,67,67"
"58,58,50,50"
"89,89,80,80"
"89,89,59,59"
"48,48,41,41"
"78,78,62,62"
"92,92,75,75"
"67,67,56,56"
"181,181,89,89"
"53,53,50,50"
"49,49,37,37"
"83,83,65,65"
"112,112,92,92"
"60,60,48,48"
"69,69,63,63"
"95,95,69,69"
"134,134,115,115"
"53,53,38,38"
"56,56,44,44"
"157,157,122,122"
"95,95,77,77"
"61,61,51,51"
"134,134,103,103"
"62,62,50,50"
"116,116,54,54"
"116,116,103,103"
"116,116,58,58"
"74,74,59,59"
"58,58,46,46"
"69,69,55,55"
"78,78,60,60"
"89,89,59,59"
"62,62,51,51"
"52,52,44,44"
"50,50,44,44"
"69,69,47,47"
"67,67,55,55"
"85,85,60,60"
"87,87,69,69"
"101,101,72,72"
"67,67,61,61"
"102,102,87,87"
"104,104,93,93"
"75,75,60,60"
"116,116,74,74"
"60,60,50,50"
"58,58,52,52"
"151,151,101,101"
"90,90,80,80"
"89,89,73,73"
"89,89,56,56"
"64,64,55,55"
"63,63,52,52"
"53,53,46,46"
"80,80,62,62"
"68,68,54,54"
"92,92,67,67"
"52,52,40,40"
"64,64,57,57"
"93,93,67,67"
"121,121,84,84"
"131,131,85,85"
"54,54,48,48"
"53,53,45,45"
"53,53,47,47"
"62,62,51,51"
"163,163,138,138"
"154,154,91,91"
"154,154,55,55"
"129,129,112,112"
"69,69,57,57"
"263,263,155,155"
"143,143,83,83"
"270,270,144,144"
"270,270,242,242"
"168,168,142,142"
"141,141,122,122"
"141,141,56,56"
"67,67,59,59"
"213,213,172,172"
"371,371,175,175"
"371,371,54,54"
"371,371,55,55"
"371,371,57,57"
"371,371,81,81"
"152,152,88,88"
"165,165,136,136"
"75,75,63,63"
"67,67,58,58"
"218,218,184,184"
"218,218,92,92"
"389,389,231,231"
"174,174,143,143"
"174,174,67,67"
"171,171,97,97"
"69,69,61,61"
"89,89,73,73"
"58,58,50,50"
"77,77,61,61"
"116,116,73,73"
"89,89,75,75"
"211,211,174,174"
"211,211,106,106"
"186,186,157,157"
"166,166,134,134"
"124,124,69,69"
"124,124,93,93"
"212,212,174,174"
"225,225,195,195"
"225,225,104,104"
"221,221,54,54"
"221,221,166,166"
"221,221,113,113"
"266,266,222,222"
"118,118,71,71"
"118,118,84,84"
"233,233,206,206"
"233,233,76,76"
"233,233,58,58"
"331,331,73,73"
"331,331,201,201"
"196,196,178,178"
"137,137,39,39"
"137,137,98,98"
"249,249,52,52"
"249,249,136,136"
"72,72,67,67"
"161,161,116,116"
"311,311,246,246"
"86,86,71,71"
"159,159,113,113"
"100,100,80,80"
"185,185,140,140"
"116,116,91,91"
"206,206,171,171"
"226,226,152,152"
"226,226,69,69"
"117,117,95,95"
"116,116,95,95"
"219,219,163,163"
"128,128,103,103"
"133,133,50,50"
"133,133,107,107"
"81,81,55,55"
"196,196,126,126"
"146,146,59,59"
"146,146,116,116"
"116,116,74,74"
"116,116,39,39"
"116,116,93,93"
"116,116,57,57"
"89,89,58,58"
"152,152,125,125"
"152,152,60,60"
"108,108,83,83"
"137,137,59,59"
"137,137,64,64"
"172,172,141,141"
"172,172,61,61"
"91,91,74,74"
"127,127,98,98"
"145,145,51,51"
"145,145,71,71"
"145,145,58,58"
"89,89,71,71"
"153,153,67,67"
"104,104,87,87"
"136,136,108,108"
"158,158,62,62"
"158,158,96,96"
"203,203,144,144"
"203,203,64,64"
"203,203,69,69"
"102,102,81,81"
"120,120,93,93"
"147,147,113,113"
"53,53,50,50"
"218,218,148,148"
"218,218,103,103"
"218,218,72,72"
"218,218,74,74"
"112,112,88,88"
"129,129,101,101"
"156,156,116,116"
"91,91,74,74"
"58,58,52,52"
"169,169,83,83"
"169,169,119,119"
"242,242,192,192"
"242,242,100,100"
"242,242,86,86"
"242,242,79,79"
"118,118,93,93"
"65,65,58,58"
"125,125,100,100"
"69,69,59,59"
"130,130,99,99"
"96,96,54,54"
"171,171,134,134"
"146,146,113,113"
"102,102,76,76"
"64,64,56,56"
"274,274,26,26"
"274,274,143,143"
"89,89,62,62"
"112,112,79,79"
"143,143,105,105"
"187,187,143,143"
"158,158,129,129"
"559,559,382,382"
"559,559,237,237"
"559,559,70,70"
"559,559,144,144"
"559,559,58,58"
"101,101,69,69"
"146,146,116,116"
"119,119,83,83"
"255,255,143,143"
"255,255,62,62"
"181,181,158,158"
"181,181,95,95"
"164,164,114,114"
"255,255,35,35"
"255,255,139,139"
"255,255,215,215"
"255,255,114,114"
"282,282,213,213"
"559,559,166,166"
"559,559,489,489"
"559,559,207,207"
"559,559,93,93"
"559,559,81,81"
"110,110,72,72"
"151,151,120,120"
"114,114,92,92"
"114,114,58,58"
"132,132,57,57"
"132,132,78,78"
"132,132,64,64"
"129,129,103,103"
"210,210,175,175"
"138,138,105,105"
"207,207,162,162"
"141,141,66,66"
"141,141,80,80"
"53,53,50,50"
"161,161,116,116"
"71,71,58,58"
"148,148,85,85"
"148,148,74,74"
"150,150,116,116"
"150,150,73,73"
"112,112,95,95"
"112,112,55,55"
"90,90,64,64"
"89,89,61,61"
"193,193,163,163"
"193,193,54,54"
"193,193,90,90"
"87,87,43,43"
"162,162,117,117"
"162,162,84,84"
"219,219,182,182"
"106,106,72,72"
"92,92,63,63"
"104,104,86,86"
"118,118,79,79"
"118,118,57,57"
"139,139,120,120"
"249,249,204,204"
"249,249,110,110"
"105,105,77,77"
"113,113,96,96"
"119,119,78,78"
"87,87,64,64"
"113,113,84,84"
"118,118,84,84"
"133,133,92,92"
"131,131,94,94"
"103,103,79,79"
"145,145,101,101"
"145,145,56,56"
"140,140,102,102"
"134,134,108,108"
"155,155,113,113"
"143,143,117,117"
"158,158,103,103"
"125,125,102,102"
"158,158,128,128"
"89,89,74,74"
"165,165,122,122"
"141,141,115,115"
"211,211,157,157"
"115,115,89,89"
"161,161,58,58"
"161,161,119,119"
"158,158,126,126"
"158,158,77,77"
"194,194,155,155"
"175,175,98,98"
"175,175,118,118"
"130,130,104,104"
"204,204,146,146"
"204,204,56,56"
"211,211,169,169"
"141,141,108,108"
"200,200,136,136"
"200,200,118,118"
"41,41,28,28"
"52,52,44,44"
"145,145,117,117"
"152,152,113,113"
"212,212,182,182"
"85,85,64,64"
"159,159,120,120"
"102,102,82,82"
"178,178,142,142"
"109,109,86,86"
"170,170,152,152"
"114,114,93,93"
"79,79,56,56"
"89,89,72,72"
"122,122,91,91"
"34,34,28,28"
"48,48,38,38"
"63,63,51,51"
"112,112,82,82"
"127,127,71,71"
"127,127,85,85"
"88,88,65,65"
"56,56,43,43"
"110,110,75,75"
"35,35,27,27"
"54,54,38,38"
"85,85,58,58"
"56,56,33,33"
"88,88,70,70"
"45,45,34,34"
"53,53,29,29"
"76,76,58,58"
"45,45,33,33"
"55,55,50,50"
"147,147,102,102"
"43,43,32,32"
"56,56,46,46"
"69,69,53,53"
"115,115,83,83"
"39,39,29,29"
"55,55,43,43"
"57,57,48,48"
"53,53,31,31"
"94,94,68,68"
"58,58,46,46"
"41,41,34,34"
"163,163,138,138"
"154,154,91,91"
"154,154,55,55"
"129,129,112,112"
"69,69,57,57"
"263,263,155,155"
"143,143,83,83"
"270,270,144,144"
"270,270,242,242"
"168,168,142,142"
"141,141,122,122"
"141,141,56,56"
"67,67,59,59"
"213,213,172,172"
"371,371,175,175"
"371,371,54,54"
"371,371,55,55"
"371,371,57,57"
"371,371,81,81"
"152,152,88,88"
"165,165,136,136"
"75,75,63,63"
"67,67,58,58"
"218,218,184,184"
"218,218,92,92"
"389,389,231,231"
"174,174,143,143"
"174,174,67,67"
"171,171,97,97"
"69,69,61,61"
"89,89,73,73"
"58,58,50,50"
"77,77,61,61"
"116,116,73,73"
"89,89,75,75"
"211,211,174,174"
"211,211,106,106"
"186,186,157,157"
"166,166,134,134"
"124,124,69,69"
"124,124,93,93"
"212,212,174,174"
"225,225,195,195"
"225,225,104,104"
"221,221,54,54"
"221,221,166,166"
"221,221,113,113"
"266,266,222,222"
"118,118,71,71"
"118,118,84,84"
"233,233,206,206"
"233,233,76,76"
"233,233,58,58"
"331,331,201,201"
"331,331,73,73"
"196,196,178,178"
"137,137,39,39"
"137,137,98,98"
"249,249,52,52"
"249,249,136,136"
"72,72,67,67"
"311,311,246,246"
"161,161,116,116"
"86,86,71,71"
"159,159,113,113"
"100,100,80,80"
"185,185,140,140"
"116,116,91,91"
"206,206,171,171"
"226,226,152,152"
"226,226,69,69"
"117,117,95,95"
"116,116,95,95"
"219,219,163,163"
"128,128,103,103"
"133,133,50,50"
"133,133,107,107"
"81,81,55,55"
"196,196,126,126"
"146,146,59,59"
"146,146,116,116"
"116,116,74,74"
"116,116,39,39"
"116,116,57,57"
"116,116,93,93"
"89,89,58,58"
"152,152,60,60"
"152,152,125,125"
"108,108,83,83"
"137,137,59,59"
"137,137,64,64"
"172,172,141,141"
"172,172,61,61"
"91,91,74,74"
"127,127,98,98"
"145,145,51,51"
"145,145,71,71"
"145,145,58,58"
"89,89,71,71"
"104,104,87,87"
"153,153,67,67"
"136,136,108,108"
"158,158,62,62"
"158,158,96,96"
"203,203,144,144"
"203,203,64,64"
"203,203,69,69"
"102,102,81,81"
"120,120,93,93"
"147,147,113,113"
"53,53,50,50"
"218,218,148,148"
"218,218,72,72"
"218,218,103,103"
"218,218,74,74"
"112,112,88,88"
"129,129,101,101"
"156,156,116,116"
"91,91,74,74"
"58,58,52,52"
"169,169,83,83"
"169,169,119,119"
"242,242,192,192"
"242,242,100,100"
"242,242,86,86"
"242,242,79,79"
"118,118,93,93"
"65,65,58,58"
"125,125,100,100"
"96,96,54,54"
"102,102,76,76"
"146,146,113,113"
"171,171,134,134"
"69,69,59,59"
"64,64,56,56"
"130,130,99,99"
"274,274,26,26"
"274,274,143,143"
"89,89,62,62"
"112,112,79,79"
"143,143,105,105"
"187,187,143,143"
"158,158,129,129"
"559,559,382,382"
"559,559,237,237"
"559,559,70,70"
"559,559,144,144"
"559,559,58,58"
"101,101,69,69"
"146,146,116,116"
"119,119,83,83"
"255,255,143,143"
"255,255,62,62"
"164,164,114,114"
"181,181,158,158"
"181,181,95,95"
"282,282,213,213"
"255,255,35,35"
"255,255,139,139"
"255,255,114,114"
"255,255,215,215"
"559,559,166,166"
"559,559,489,489"
"559,559,207,207"
"559,559,93,93"
"559,559,81,81"
"110,110,72,72"
"114,114,92,92"
"114,114,58,58"
"151,151,120,120"
"47,47,36,36"
"90,90,74,74"
"55,55,44,44"
"35,35,27,27"
"50,50,35,35"
"80,80,66,66"
"49,49,38,38"
"51,51,42,42"
"57,57,47,47"
"87,87,66,66"
"55,55,45,45"
"82,82,60,60"
"128,128,118,118"
"34,34,27,27"
"66,66,52,52"
"125,125,114,114"
"61,61,53,53"
"34,34,26,26"
"53,53,45,45"
"69,69,52,52"
"48,48,35,35"
"93,93,69,69"
"147,147,121,121"
"31,31,25,25"
"34,34,27,27"
"82,82,69,69"
"31,31,26,26"
"50,50,25,25"
"50,50,29,29"
"53,53,45,45"
"59,59,50,50"
"39,39,32,32"
"47,47,36,36"
"76,76,61,61"
"79,79,30,30"
"79,79,68,68"
"79,79,34,34"
"97,97,81,81"
"61,61,50,50"
"58,58,48,48"
"52,52,39,39"
"60,60,50,50"
"100,100,81,81"
"66,66,56,56"
"65,65,53,53"
"37,37,27,27"
"31,31,25,25"
"55,55,37,37"
"31,31,25,25"
"44,44,32,32"
"46,46,34,34"
"51,51,43,43"
"163,163,138,138"
"154,154,91,91"
"154,154,55,55"
"129,129,112,112"
"69,69,57,57"
"263,263,155,155"
"143,143,83,83"
"270,270,144,144"
"270,270,242,242"
"168,168,142,142"
"141,141,122,122"
"141,141,56,56"
"67,67,59,59"
"213,213,172,172"
"371,371,175,175"
"371,371,54,54"
"371,371,55,55"
"371,371,57,57"
"371,371,81,81"
"152,152,88,88"
"165,165,136,136"
"75,75,63,63"
"67,67,58,58"
"218,218,184,184"
"218,218,92,92"
"174,174,143,143"
"174,174,67,67"
"389,389,231,231"
"171,171,97,97"
"69,69,61,61"
"89,89,73,73"
"58,58,50,50"
"77,77,61,61"
"116,116,73,73"
"89,89,75,75"
"211,211,174,174"
"211,211,106,106"
"186,186,157,157"
"166,166,134,134"
"124,124,69,69"
"124,124,93,93"
"212,212,174,174"
"225,225,195,195"
"225,225,104,104"
"221,221,54,54"
"221,221,166,166"
"221,221,113,113"
"266,266,222,222"
"118,118,71,71"
"118,118,84,84"
"233,233,206,206"
"233,233,76,76"
"233,233,58,58"
"331,331,73,73"
"331,331,201,201"
"196,196,178,178"
"137,137,39,39"
"137,137,98,98"
"249,249,136,136"
"249,249,52,52"
"72,72,67,67"
"163,163,138,138"
"154,154,91,91"
"154,154,55,55"
"129,129,112,112"
"69,69,57,57"
"263,263,155,155"
"143,143,83,83"
"270,270,144,144"
"270,270,242,242"
"168,168,142,142"
"141,141,122,122"
"141,141,56,56"
"67,67,59,59"
"213,213,172,172"
"371,371,175,175"
"371,371,54,54"
"371,371,55,55"
"371,371,57,57"
"371,371,81,81"
"152,152,88,88"
"165,165,136,136"
"75,75,63,63"
"67,67,58,58"
"218,218,184,184"
"218,218,92,92"
"174,174,143,143"
"174,174,67,67"
"389,389,231,231"
"171,171,97,97"
"69,69,61,61"
"89,89,73,73"
"58,58,50,50"
"77,77,61,61"
"116,116,73,73"
"89,89,75,75"
"211,211,174,174"
"211,211,106,106"
"186,186,157,157"
"166,166,134,134"
"124,124,69,69"
"124,124,93,93"
"212,212,174,174"
"225,225,195,195"
"225,225,104,104"
"221,221,54,54"
"221,221,166,166"
"221,221,113,113"
"266,266,222,222"
"118,118,71,71"
"118,118,84,84"
"233,233,206,206"
"233,233,76,76"
"233,233,58,58"
"331,331,73,73"
"331,331,201,201"
"196,196,178,178"
"137,137,39,39"
"137,137,98,98"
"249,249,52,52"
"249,249,136,136"
"72,72,67,67"
"34,34,28,28"
"48,48,38,38"
"63,63,51,51"
"112,112,82,82"
"127,127,71,71"
"127,127,85,85"
"88,88,65,65"
"56,56,43,43"
"110,110,75,75"
"35,35,27,27"
"54,54,38,38"
"85,85,58,58"
"56,56,33,33"
"88,88,70,70"
"45,45,34,34"
"53,53,29,29"
"76,76,58,58"
"45,45,33,33"
"55,55,50,50"
"147,147,102,102"
"43,43,32,32"
"56,56,46,46"
"69,69,53,53"
"115,115,83,83"
"39,39,29,29"
"57,57,48,48"
"55,55,43,43"
"94,94,68,68"
"53,53,31,31"
"58,58,46,46"
"41,41,34,34"
"129,129,103,103"
"44,44,32,32"
"79,79,61,61"
"57,57,45,45"
"43,43,35,35"
"100,100,76,76"
"68,68,54,54"
"55,55,39,39"
"87,87,70,70"
"31,31,27,27"
"47,47,28,28"
"61,61,51,51"
"51,51,39,39"
"74,74,59,59"
"31,31,26,26"
"60,60,49,49"
"51,51,37,37"
"56,56,44,44"
"51,51,35,35"
"62,62,54,54"
"144,144,123,123"
"144,144,64,64"
"37,37,32,32"
"35,35,28,28"
"69,69,56,56"
"69,69,26,26"
"116,116,60,60"
"66,66,26,26"
"71,71,60,60"
"45,45,37,37"
"48,48,32,32"
"69,69,26,26"
"151,151,82,82"
"83,83,70,70"
"105,105,65,65"
"65,65,25,25"
"53,53,48,48"
"116,116,86,86"
"48,48,38,38"
"126,126,29,29"
"126,126,47,47"
"60,60,51,51"
"59,59,48,48"
"53,53,27,27"
"53,53,36,36"
"75,75,61,61"
"42,42,30,30"
"87,87,69,69"
"74,74,24,24"
"74,74,65,65"
"89,89,51,51"
"78,78,54,54"
"65,65,51,51"
"89,89,48,48"
"89,89,61,61"
"62,62,53,53"
"159,159,132,132"
"105,105,43,43"
"105,105,56,56"
"128,128,108,108"
"196,196,78,78"
"196,196,60,60"
"151,151,72,72"
"70,70,25,25"
"66,66,56,56"
"151,151,110,110"
"69,69,26,26"
"155,155,86,86"
"74,74,65,65"
"150,150,96,96"
"265,265,96,96"
"265,265,175,175"
"76,76,62,62"
"235,235,113,113"
"235,235,55,55"
"235,235,168,168"
"235,235,60,60"
"353,353,276,276"
"69,69,26,26"
"255,255,228,228"
"295,295,245,245"
"371,371,288,288"
"206,206,154,154"
"500,500,346,346"
"500,500,303,303"
"151,151,136,136"
"170,170,147,147"
"559,559,327,327"
"559,559,508,508"
"559,559,53,53"
"196,196,166,166"
"53,53,50,50"
"196,196,175,175"
"266,266,194,194"
"266,266,57,57"
"255,255,33,33"
"255,255,188,188"
"261,261,182,182"
"331,331,284,284"
"331,331,157,157"
"331,331,54,54"
"53,53,49,49"
"61,61,53,53"
"231,231,191,191"
"231,231,48,48"
"151,151,91,91"
"559,559,55,55"
"559,559,53,53"
"255,255,216,216"
"31,31,25,25"
"126,126,85,85"
"35,35,27,27"
"36,36,29,29"
"34,34,27,27"
"39,39,28,28"
"34,34,27,27"
"35,35,28,28"
"125,125,100,100"
"59,59,32,32"
"34,34,28,28"
"33,33,26,26"
"73,73,58,58"
"37,37,28,28"
"53,53,33,33"
"65,65,50,50"
"53,53,27,27"
"53,53,25,25"
"38,38,28,28"
"89,89,66,66"
"47,47,33,33"
"168,168,131,131"
"43,43,34,34"
"56,56,47,47"
"53,53,38,38"
"71,71,55,55"
"124,124,78,78"
"90,90,68,68"
"50,50,37,37"
"49,49,33,33"
"60,60,44,44"
"63,63,53,53"
"112,112,76,76"
"79,79,59,59"
"57,57,41,41"
"40,40,29,29"
"196,196,101,101"
"255,255,192,192"
"255,255,115,115"
"64,64,54,54"
"99,99,56,56"
"99,99,82,82"
"75,75,56,56"
"45,45,32,32"
"54,54,41,41"
"61,61,47,47"
"129,129,102,102"
"43,43,30,30"
"31,31,26,26"
"58,58,47,47"
"62,62,54,54"
"82,82,53,53"
"52,52,44,44"
"47,47,37,37"
"49,49,30,30"
"183,183,164,164"
"83,83,65,65"
"48,48,35,35"
"52,52,47,47"
"41,41,31,31"
"126,126,96,96"
"55,55,40,40"
"62,62,52,52"
"105,105,78,78"
"40,40,28,28"
"72,72,36,36"
"72,72,54,54"
"53,53,30,30"
"53,53,49,49"
"60,60,30,30"
"60,60,50,50"
"35,35,29,29"
"45,45,36,36"
"44,44,34,34"
"116,116,64,64"
"163,163,138,138"
"154,154,91,91"
"154,154,55,55"
"129,129,112,112"
"69,69,57,57"
"263,263,155,155"
"143,143,83,83"
"270,270,144,144"
"270,270,242,242"
"168,168,142,142"
"141,141,122,122"
"141,141,56,56"
"67,67,59,59"
"213,213,172,172"
"371,371,175,175"
"371,371,54,54"
"371,371,55,55"
"371,371,57,57"
"371,371,81,81"
"152,152,88,88"
"165,165,136,136"
"75,75,63,63"
"67,67,58,58"
"218,218,184,184"
"218,218,92,92"
"174,174,143,143"
"174,174,67,67"
"389,389,231,231"
"171,171,97,97"
"69,69,61,61"
"89,89,73,73"
"58,58,50,50"
"77,77,61,61"
"116,116,73,73"
"89,89,75,75"
"211,211,174,174"
"211,211,106,106"
"186,186,157,157"
"166,166,134,134"
"124,124,69,69"
"124,124,93,93"
"212,212,174,174"
"225,225,195,195"
"225,225,104,104"
"221,221,54,54"
"221,221,166,166"
"221,221,113,113"
"266,266,222,222"
"118,118,71,71"
"118,118,84,84"
"233,233,206,206"
"233,233,76,76"
"233,233,58,58"
"331,331,73,73"
"331,331,201,201"
"196,196,178,178"
"137,137,39,39"
"137,137,98,98"
"249,249,52,52"
"249,249,136,136"
"72,72,67,67"
"311,311,246,246"
"161,161,116,116"
"159,159,113,113"
"86,86,71,71"
"100,100,80,80"
"185,185,140,140"
"116,116,91,91"
"206,206,171,171"
"226,226,152,152"
"226,226,69,69"
"117,117,95,95"
"116,116,95,95"
"219,219,163,163"
"128,128,103,103"
"133,133,50,50"
"133,133,107,107"
"81,81,55,55"
"196,196,126,126"
"146,146,59,59"
"146,146,116,116"
"116,116,74,74"
"116,116,39,39"
"116,116,57,57"
"116,116,93,93"
"89,89,58,58"
"152,152,60,60"
"152,152,125,125"
"108,108,83,83"
"137,137,59,59"
"137,137,64,64"
"172,172,141,141"
"172,172,61,61"
"91,91,74,74"
"127,127,98,98"
"145,145,51,51"
"145,145,71,71"
"145,145,58,58"
"89,89,71,71"
"104,104,87,87"
"153,153,67,67"
"136,136,108,108"
"158,158,62,62"
"158,158,96,96"
"203,203,144,144"
"203,203,64,64"
"203,203,69,69"
"102,102,81,81"
"120,120,93,93"
"147,147,113,113"
"53,53,50,50"
"218,218,148,148"
"218,218,103,103"
"218,218,72,72"
"218,218,74,74"
"112,112,88,88"
"129,129,101,101"
"156,156,116,116"
"91,91,74,74"
"58,58,52,52"
"169,169,83,83"
"169,169,119,119"
"242,242,192,192"
"242,242,100,100"
"242,242,86,86"
"242,242,79,79"
"118,118,93,93"
"65,65,58,58"
"125,125,100,100"
"96,96,54,54"
"102,102,76,76"
"146,146,113,113"
"171,171,134,134"
"64,64,56,56"
"130,130,99,99"
"69,69,59,59"
"274,274,26,26"
"274,274,143,143"
"89,89,62,62"
"112,112,79,79"
"143,143,105,105"
"187,187,143,143"
"158,158,129,129"
"559,559,382,382"
"559,559,237,237"
"559,559,70,70"
"559,559,144,144"
"559,559,58,58"
"101,101,69,69"
"146,146,116,116"
"119,119,83,83"
"255,255,143,143"
"255,255,62,62"
"164,164,114,114"
"255,255,35,35"
"255,255,139,139"
"255,255,215,215"
"255,255,114,114"
"181,181,158,158"
"181,181,95,95"
"282,282,213,213"
"559,559,166,166"
"559,559,489,489"
"559,559,207,207"
"559,559,93,93"
"559,559,81,81"
"163,163,138,138"
"154,154,91,91"
"154,154,55,55"
"129,129,112,112"
"69,69,57,57"
"263,263,155,155"
"143,143,83,83"
"270,270,144,144"
"270,270,242,242"
"168,168,142,142"
"141,141,122,122"
"141,141,56,56"
"67,67,59,59"
"152,152,88,88"
"213,213,172,172"
"371,371,175,175"
"371,371,54,54"
"371,371,55,55"
"371,371,57,57"
"371,371,81,81"
"165,165,136,136"
"75,75,63,63"
"67,67,58,58"
"218,218,184,184"
"218,218,92,92"
"174,174,143,143"
"174,174,67,67"
"171,171,97,97"
"389,389,231,231"
"69,69,61,61"
"89,89,73,73"
"58,58,50,50"
"77,77,61,61"
"116,116,73,73"
"89,89,75,75"
"211,211,174,174"
"211,211,106,106"
"186,186,157,157"
"166,166,134,134"
"124,124,69,69"
"124,124,93,93"
"225,225,104,104"
"225,225,195,195"
"212,212,174,174"
"221,221,54,54"
"221,221,166,166"
"221,221,113,113"
"266,266,222,222"
"118,118,71,71"
"118,118,84,84"
"233,233,206,206"
"233,233,76,76"
"233,233,58,58"
"331,331,73,73"
"331,331,201,201"
"196,196,178,178"
"137,137,39,39"
"137,137,98,98"
"249,249,52,52"
"249,249,136,136"
"72,72,67,67"
"311,311,246,246"
"161,161,116,116"
"86,86,71,71"
"159,159,113,113"
"100,100,80,80"
"185,185,140,140"
"116,116,91,91"
"206,206,171,171"
"226,226,152,152"
"226,226,69,69"
"117,117,95,95"
"116,116,95,95"
"219,219,163,163"
"128,128,103,103"
"133,133,50,50"
"133,133,107,107"
"81,81,55,55"
"196,196,126,126"
"146,146,59,59"
"146,146,116,116"
"116,116,74,74"
"116,116,39,39"
"116,116,57,57"
"116,116,93,93"
"89,89,58,58"
"152,152,125,125"
"152,152,60,60"
"108,108,83,83"
"137,137,59,59"
"137,137,64,64"
"172,172,141,141"
"172,172,61,61"
"91,91,74,74"
"127,127,98,98"
"145,145,51,51"
"145,145,71,71"
"145,145,58,58"
"89,89,71,71"
"104,104,87,87"
"153,153,67,67"
"136,136,108,108"
"158,158,62,62"
"158,158,96,96"
"203,203,144,144"
"203,203,64,64"
"203,203,69,69"
"102,102,81,81"
"120,120,93,93"
"147,147,113,113"
"53,53,50,50"
"218,218,148,148"
"218,218,103,103"
"218,218,72,72"
"218,218,74,74"
"112,112,88,88"
"129,129,101,101"
"156,156,116,116"
"91,91,74,74"
"58,58,52,52"
"169,169,83,83"
"169,169,119,119"
"242,242,192,192"
"242,242,100,100"
"242,242,86,86"
"242,242,79,79"
"118,118,93,93"
"65,65,58,58"
"125,125,100,100"
"96,96,54,54"
"102,102,76,76"
"146,146,113,113"
"171,171,134,134"
"64,64,56,56"
"130,130,99,99"
"69,69,59,59"
